Index-Nr;Modell-Nr;Aktf.;Bias;Lernrate;Mini Batch;Trainingszeit (s);Train-Cost;Val.-Cost;Test-Cost;Train-Quote;Val.-Quote;Test-Quote
1;1;relu;False;1;8;12.8;0.0131;0.0125;0.0139;0.9172;0.9205;0.9131
2;1;relu;True;1;8;13.1;0.0125;0.0121;0.0127;0.9198;0.9217;0.9191
3;1;$\sigma$;False;1;8;12.9;0.0119;0.0112;0.0118;0.9241;0.9273;924
4;1;$\sigma$;True;1;8;13.4;0.0131;0.0125;0.0136;0.9153;0.9184;0.9106
5;1;tanh;False;1;8;13.1;0.0121;0.0116;0.0124;922;0.9224;0.9219
6;1;tanh;True;1;8;13.4;0.0119;0.0116;0.0122;0.9221;0.9255;0.9196
7;1;relu;False;1;32;3.8;12;0.0117;0.0121;0.9241;0.9226;0.9219
8;1;relu;True;1;32;4.0;0.0125;0.0117;0.0124;0.9199;0.9236;0.9179
9;1;$\sigma$;False;1;32;3.9;0.0183;0.0166;0.0175;0.8937;0.9068;0.8996
10;1;$\sigma$;True;1;32;4.0;0.0179;0.0165;17;0.8943;0.9026;0.9009
11;1;tanh;False;1;32;4.0;13;0.0123;0.0132;0.9159;0.9204;0.9132
12;1;tanh;True;1;32;4.1;0.0124;0.0118;0.0124;0.9212;0.9224;0.9206
13;1;relu;False;1;128;1.6;15;0.0137;0.0142;0.9041;0.9111;0.9099
14;1;relu;True;1;128;1.6;0.0148;0.0137;14;0.9072;0.9117;0.9105
15;1;$\sigma$;False;1;128;1.7;52;0.0509;0.0515;684;0.6988;0.6871
16;1;$\sigma$;True;1;128;1.7;0.0491;0.0481;0.0486;0.6705;0.6853;0.68
17;1;tanh;False;1;128;1.7;18;0.0163;0.0174;891;0.9046;0.8958
18;1;tanh;True;1;128;1.8;0.0177;0.0161;0.0168;0.8936;0.9031;0.8998
19;1;relu;False;0.1;8;14.0;0.0134;0.0124;0.0129;0.9154;0.9188;0.9166
20;1;relu;True;0.1;8;14.3;0.0146;0.0134;0.0141;0.9054;0.9121;0.9076
21;1;$\sigma$;False;0.1;8;14.0;34;0.0322;0.0329;0.8262;0.8392;0.8375
22;1;$\sigma$;True;0.1;8;14.4;0.0335;0.0315;0.0327;0.8245;0.8454;0.8368
23;1;tanh;False;0.1;8;14.1;0.0152;0.0137;0.0144;0.9065;0.9143;0.9087
24;1;tanh;True;0.1;8;14.5;0.0158;0.0144;0.0153;0.9021;0.9101;0.9041
25;1;relu;False;0.1;32;4.3;0.0215;0.0197;0.0203;866;0.8789;0.8739
26;1;relu;True;0.1;32;4.5;0.0189;17;0.0176;0.8844;0.8965;0.8946
27;1;$\sigma$;False;0.1;32;4.4;0.0759;0.0758;0.0758;0.3981;0.4071;0.4013
28;1;$\sigma$;True;0.1;32;4.5;0.0751;0.0748;0.0747;0.4539;0.4663;0.4601
29;1;tanh;False;0.1;32;4.5;0.0271;0.0248;0.0261;0.8525;0.87;0.8633
30;1;tanh;True;0.1;32;4.6;0.0278;0.0257;0.0269;0.8495;0.8679;0.8556
31;1;relu;False;0.1;128;2.0;0.0598;0.0588;0.0592;0.5996;0.6049;0.6067
32;1;relu;True;0.1;128;2.1;0.0414;0.0395;0.0402;0.7614;0.7835;0.7704
33;1;$\sigma$;False;0.1;128;2.0;0.0867;0.0867;0.0865;0.3723;0.3758;0.3894
34;1;$\sigma$;True;0.1;128;2.1;0.0868;0.0868;0.0867;274;279;0.2926
35;1;tanh;False;0.1;128;2.1;0.0583;0.0574;0.0573;0.6265;0.6424;0.6447
36;1;tanh;True;0.1;128;2.2;0.0605;0.0592;0.0599;0.6447;0.6713;0.6563
37;1;relu;False;0.01;8;15.1;0.0358;0.0337;0.0342;808;0.8283;0.8208
38;1;relu;True;0.01;8;15.4;0.0656;0.0643;0.0652;0.5338;0.5458;0.5344
39;1;$\sigma$;False;0.01;8;15.1;0.0837;0.0835;0.0836;515;0.5419;0.5289
40;1;$\sigma$;True;0.01;8;15.5;0.0858;0.0856;0.0856;0.4225;0.4373;0.4302
41;1;tanh;False;0.01;8;15.3;0.0439;0.0424;0.0431;0.7138;0.7315;0.7239
42;1;tanh;True;0.01;8;15.6;0.0435;0.0413;0.0426;0.7859;0.8108;0.7963
43;1;relu;False;0.01;32;4.8;0.0801;0.0794;0.0799;0.2967;0.3065;0.3026
44;1;relu;True;0.01;32;5.0;0.0795;0.0796;0.0788;0.3256;321;0.34
45;1;$\sigma$;False;0.01;32;4.9;0.0892;0.0893;0.0891;165;0.1538;0.1653
46;1;$\sigma$;True;0.01;32;5.1;0.0891;89;89;0.2255;0.2254;0.2239
47;1;tanh;False;0.01;32;5.0;0.0783;0.0781;0.0779;0.4464;454;0.4498
48;1;tanh;True;0.01;32;5.1;0.0724;0.0721;72;0.5129;0.5191;0.5171
49;1;relu;False;0.01;128;2.4;0.0877;0.0876;0.0876;0.2013;203;0.21
50;1;relu;True;0.01;128;2.4;0.0885;0.0886;0.0886;0.2064;0.1983;0.2073
51;1;$\sigma$;False;0.01;128;2.4;0.0912;0.0912;0.0912;0.1552;0.1613;0.1578
52;1;$\sigma$;True;0.01;128;2.5;0.0909;0.0908;0.0908;0.1323;0.1428;0.1375
53;1;tanh;False;0.01;128;2.5;87;0.0869;0.0869;0.2395;0.2448;0.2365
54;1;tanh;True;0.01;128;2.5;0.0875;0.0874;0.0875;0.2451;0.2491;0.2446
55;2;relu;False;1;8;19.8;0.0033;0.0044;0.0045;0.9797;0.9704;0.9707
56;2;relu;True;1;8;20.4;0.0044;0.0048;0.0053;973;0.9695;0.9656
57;2;$\sigma$;False;1;8;19.4;0.0088;0.0083;0.0089;0.9439;0.9476;943
58;2;$\sigma$;True;1;8;19.8;0.0089;0.0084;0.0089;0.9436;0.9477;0.9438
59;2;tanh;False;1;8;19.3;0.0052;0.0059;0.0063;968;0.9627;0.9593
60;2;tanh;True;1;8;19.9;0.0045;0.0053;0.0053;0.9722;965;0.9656
61;2;relu;False;1;32;7.0;0.0072;7;0.0075;0.9555;0.9565;0.9527
62;2;relu;True;1;32;7.2;0.0072;0.0073;0.0076;0.9556;0.9549;0.9527
63;2;$\sigma$;False;1;32;7.2;0.0138;0.0125;0.0129;0.9127;0.9213;0.9179
64;2;$\sigma$;True;1;32;7.2;0.0138;0.0126;13;913;0.9201;0.9193
65;2;tanh;False;1;32;7.2;0.0083;0.0078;0.0084;0.9492;0.9523;947
66;2;tanh;True;1;32;7.2;0.0085;0.0082;0.0086;946;0.9485;0.9439
67;2;relu;False;1;128;3.2;0.0121;11;0.0116;0.9242;0.9323;0.9276
68;2;relu;True;1;128;3.3;0.0126;0.0116;0.0121;0.9206;0.9279;0.9239
69;2;$\sigma$;False;1;128;3.3;0.0231;21;0.0217;0.8752;0.8874;886
70;2;$\sigma$;True;1;128;3.3;0.0236;0.0213;0.0222;0.8729;888;0.8815
71;2;tanh;False;1;128;3.3;0.0134;0.0122;0.0128;0.9164;0.9218;0.9199
72;2;tanh;True;1;128;3.5;0.0132;0.0121;0.0125;0.9169;0.9221;0.92
73;2;relu;False;0.1;8;20.5;0.0102;0.0095;0.01;937;0.9421;0.9369
74;2;relu;True;0.1;8;20.9;0.0103;0.0097;0.0102;936;0.9378;0.9348
75;2;$\sigma$;False;0.1;8;20.9;0.0185;0.0164;0.0173;0.8922;0.9055;0.9002
76;2;$\sigma$;True;0.1;8;21.0;0.0184;0.0165;0.0173;0.8913;0.9049;0.8995
77;2;tanh;False;0.1;8;20.8;0.0117;0.0108;0.0113;0.9272;0.9312;0.9286
78;2;tanh;True;0.1;8;21.4;0.0117;0.0108;0.0113;0.9267;0.9302;0.9271
79;2;relu;False;0.1;32;7.7;0.0166;0.0149;0.0155;0.8974;0.9074;0.9045
80;2;relu;True;0.1;32;7.7;0.0163;0.0146;0.0153;0.9005;0.9096;0.9046
81;2;$\sigma$;False;0.1;32;7.6;0.0455;0.0439;0.0446;0.7768;0.8005;0.7897
82;2;$\sigma$;True;0.1;32;7.8;0.0451;0.0434;0.0442;0.7581;0.7794;0.7691
83;2;tanh;False;0.1;32;7.7;0.0168;15;0.0158;0.8968;0.9083;905
84;2;tanh;True;0.1;32;7.7;0.0169;0.0151;0.0158;0.8971;0.9082;0.9049
85;2;relu;False;0.1;128;3.9;0.0316;0.0292;0.03;0.8378;0.8531;0.8491
86;2;relu;True;0.1;128;3.7;0.0312;0.0288;0.0295;0.84;0.8576;0.8539
87;2;$\sigma$;False;0.1;128;3.7;0.0815;0.0813;0.0814;437;0.4437;0.4344
88;2;$\sigma$;True;0.1;128;3.9;0.0817;0.0817;0.0816;0.3635;0.3637;0.3701
89;2;tanh;False;0.1;128;3.8;0.0287;0.0264;0.0272;0.8468;0.8654;0.8611
90;2;tanh;True;0.1;128;3.9;0.0297;0.0273;0.0282;0.8394;0.8579;0.8531
91;2;relu;False;0.01;8;22.3;0.0243;0.0219;0.0227;0.8635;0.8809;0.8743
92;2;relu;True;0.01;8;22.4;0.0239;0.0215;0.0223;0.8637;0.8816;0.8752
93;2;$\sigma$;False;0.01;8;22.1;0.0745;0.0742;0.0741;477;0.4921;0.4923
94;2;$\sigma$;True;0.01;8;22.5;73;0.0728;0.0724;0.5186;0.53;0.5335
95;2;tanh;False;0.01;8;22.2;23;0.0207;0.0216;0.8692;0.8842;0.8807
96;2;tanh;True;0.01;8;22.7;0.0233;21;0.0217;0.8685;0.8815;881
97;2;relu;False;0.01;32;8.2;0.0629;62;62;0.6197;0.6374;0.6354
98;2;relu;True;0.01;32;8.2;0.0609;0.0594;0.0599;0.6719;0.7033;0.6889
99;2;$\sigma$;False;0.01;32;8.2;87;87;87;0.3576;0.3672;0.3637
100;2;$\sigma$;True;0.01;32;8.4;87;87;87;0.3601;0.3649;0.3595
101;2;tanh;False;0.01;32;8.3;0.0552;0.0533;54;0.6863;717;705
102;2;tanh;True;0.01;32;8.3;0.0495;0.0473;0.0485;0.7413;0.7677;0.7592
103;2;relu;False;0.01;128;3.9;0.0856;0.0856;0.0856;328;0.3266;0.3332
104;2;relu;True;0.01;128;4.1;0.0848;0.0845;0.0848;323;0.3322;0.3259
105;2;$\sigma$;False;0.01;128;4.1;0.0912;0.0911;0.0911;0.1174;127;0.1213
106;2;$\sigma$;True;0.01;128;4.2;0.0918;0.0918;0.0919;0.0659;0.0623;65
107;2;tanh;False;0.01;128;4.1;0.0851;0.0852;0.0851;0.3099;0.3044;0.3171
108;2;tanh;True;0.01;128;4.1;0.0813;0.0811;81;0.3746;0.3841;0.3814
109;3;relu;False;1;8;95.4;0.0027;4;0.0039;0.9846;0.9738;0.9755
110;3;relu;True;1;8;86.6;0.0035;0.0042;0.0044;0.9787;0.9729;0.9717
111;3;$\sigma$;False;1;8;87.3;0.0134;0.0126;0.0133;0.9122;0.9168;911
112;3;$\sigma$;True;1;8;93.4;0.0127;0.0116;0.0123;0.9165;0.9227;0.9174
113;3;tanh;False;1;8;87.1;0.0086;0.0083;9;946;0.9475;0.9434
114;3;tanh;True;1;8;81.8;0.0091;0.0088;0.0096;0.9427;0.9429;0.9389
115;3;relu;False;1;32;27.7;0.0057;0.0058;0.0062;0.9658;0.9645;0.9616
116;3;relu;True;1;32;27.9;0.0057;0.0058;0.0061;0.9662;0.9639;0.9609
117;3;$\sigma$;False;1;32;25.3;16;0.0144;0.0151;0.8991;0.9082;0.9046
118;3;$\sigma$;True;1;32;26.1;0.0169;0.0155;0.0158;0.8881;0.8949;0.8963
119;3;tanh;False;1;32;25.8;0.0107;0.0106;0.0107;0.9319;0.9305;932
120;3;tanh;True;1;32;26.0;0.0106;0.0102;0.0108;0.9319;932;0.9298
121;3;relu;False;1;128;9.9;0.0111;0.0102;0.0108;0.9321;0.9344;0.9322
122;3;relu;True;1;128;10.0;0.0111;0.0103;0.0108;0.9317;0.9343;0.9326
123;3;$\sigma$;False;1;128;10.0;0.0205;0.0184;0.0191;0.8761;0.8915;0.8871
124;3;$\sigma$;True;1;128;10.3;0.0206;0.0185;0.0192;877;0.8915;0.8883
125;3;tanh;False;1;128;10.0;13;0.0119;0.0124;918;0.9211;922
126;3;tanh;True;1;128;10.1;13;12;0.0124;0.9168;0.9211;0.9188
127;3;relu;False;0.1;8;93.5;0.0092;0.0088;0.0091;0.9436;0.9457;0.9434
128;3;relu;True;0.1;8;94.1;0.0094;0.0089;0.0093;944;0.9451;0.9423
129;3;$\sigma$;False;0.1;8;93.9;0.0173;0.0155;16;0.8935;0.9044;0.9012
130;3;$\sigma$;True;0.1;8;83.1;0.0175;0.0156;0.0163;0.8916;0.9022;0.8984
131;3;tanh;False;0.1;8;89.5;0.0121;0.0113;0.0118;0.9235;0.9276;0.9247
132;3;tanh;True;0.1;8;95.4;0.0121;0.0113;0.0118;0.9232;0.9266;0.9236
133;3;relu;False;0.1;32;28.4;0.0147;0.0131;0.0138;0.9109;0.9217;0.9164
134;3;relu;True;0.1;32;28.8;0.0148;0.0134;0.0138;0.9112;0.9183;0.9184
135;3;$\sigma$;False;0.1;32;28.8;0.0347;0.0325;0.0334;0.8349;0.8558;0.8469
136;3;$\sigma$;True;0.1;32;29.1;0.0342;0.0319;0.0328;838;0.8577;851
137;3;tanh;False;0.1;32;28.6;0.0155;0.0139;0.0145;0.9037;0.9128;0.9087
138;3;tanh;True;0.1;32;25.8;0.0155;0.0138;0.0144;0.9038;0.9122;911
139;3;relu;False;0.1;128;11.0;0.0263;24;0.0248;0.8626;0.8787;0.8723
140;3;relu;True;0.1;128;11.1;26;0.0235;0.0244;0.8658;0.8815;0.8771
141;3;$\sigma$;False;0.1;128;11.1;0.0744;74;0.0741;0.5191;0.5327;0.5238
142;3;$\sigma$;True;0.1;128;11.3;0.0735;0.0732;0.0731;0.5264;0.5417;0.5408
143;3;tanh;False;0.1;128;11.1;0.0233;0.0208;0.0218;0.8672;0.8844;0.8797
144;3;tanh;True;0.1;128;11.3;23;0.0205;0.0214;0.8706;0.8871;884
145;3;relu;False;0.01;8;95.7;21;0.0188;0.0196;0.8828;0.8985;0.8923
146;3;relu;True;0.01;8;97.3;0.0207;0.0186;0.0194;0.8848;0.8985;0.8941
147;3;$\sigma$;False;0.01;8;95.7;0.0619;61;0.0613;0.6755;0.6966;0.6922
148;3;$\sigma$;True;0.01;8;89.1;63;0.0622;0.0624;0.6413;0.6575;0.6546
149;3;tanh;False;0.01;8;96.8;0.0197;0.0175;0.0182;0.8833;0.8975;0.8935
150;3;tanh;True;0.01;8;84.9;0.0195;0.0174;0.0181;0.8846;0.8996;0.8948
151;3;relu;False;0.01;32;29.3;0.0514;0.05;0.05;0.7573;0.7823;0.7715
152;3;relu;True;0.01;32;29.4;49;0.0475;0.0479;0.7431;0.7641;0.7592
153;3;$\sigma$;False;0.01;32;26.5;0.0848;0.0847;0.0847;0.3655;0.3673;0.3716
154;3;$\sigma$;True;0.01;32;26.9;0.0874;0.0874;0.0874;0.2662;0.2684;0.2756
155;3;tanh;False;0.01;32;26.3;0.0353;33;34;0.8306;0.8497;0.8425
156;3;tanh;True;0.01;32;26.8;0.0352;0.0326;0.0337;0.8213;0.8428;0.8357
157;3;relu;False;0.01;128;12.1;0.0806;0.0805;0.0805;0.4767;0.4868;0.4755
158;3;relu;True;0.01;128;10.9;0.0826;0.0824;0.0825;0.4146;0.4334;0.4217
159;3;$\sigma$;False;0.01;128;10.9;0.0889;0.0889;0.0889;0.2834;0.2829;0.2871
160;3;$\sigma$;True;0.01;128;12.1;0.0892;0.0892;0.0891;0.2614;0.2662;0.2651
161;3;tanh;False;0.01;128;10.9;0.0737;0.0729;0.0734;0.5389;0.5552;545
162;3;tanh;True;0.01;128;11.0;0.0725;0.0719;0.0722;0.5769;0.5997;0.5779
163;4;relu;False;1;8;24.4;0.0151;0.0145;0.0147;0.9083;0.9108;0.9124
164;4;relu;True;1;8;24.8;0.1389;0.1357;0.1378;0.3046;321;0.3105
165;4;$\sigma$;False;1;8;24.8;0.0146;0.0137;0.0145;0.9082;0.9138;0.9062
166;4;$\sigma$;True;1;8;25.3;0.0144;0.0133;0.0143;0.9079;0.9134;0.9065
167;4;tanh;False;1;8;24.9;13;0.0125;0.0129;0.9162;0.9171;0.9165
168;4;tanh;True;1;8;25.4;0.0122;0.0117;0.0125;0.9215;0.9252;0.9213
169;4;relu;False;1;32;9.2;0.0133;0.0132;0.0133;0.9155;0.9153;0.9131
170;4;relu;True;1;32;9.4;0.0262;0.0243;0.0262;0.8243;0.8359;0.8271
171;4;$\sigma$;False;1;32;9.2;0.0501;0.0493;0.0494;0.6467;0.6539;0.6514
172;4;$\sigma$;True;1;32;9.4;47;0.0464;0.0466;0.6662;0.6706;0.6736
173;4;tanh;False;1;32;9.3;0.0123;0.0118;0.0124;0.9205;0.9233;922
174;4;tanh;True;1;32;9.4;0.0135;0.0125;0.0135;0.9129;0.9194;0.9131
175;4;relu;False;1;128;5.4;0.0152;0.0138;0.0146;0.9019;0.9085;0.9035
176;4;relu;True;1;128;5.4;0.0174;0.0159;0.0168;885;0.8932;0.8905
177;4;$\sigma$;False;1;128;5.3;88;88;88;0.3017;0.2967;302
178;4;$\sigma$;True;1;128;5.4;0.0875;0.0876;0.0875;0.2587;0.2571;0.2598
179;4;tanh;False;1;128;5.4;0.0164;0.0149;0.0154;0.9005;0.9094;0.9066
180;4;tanh;True;1;128;5.6;0.0174;0.0165;0.0172;0.8953;0.9005;0.8938
181;4;relu;False;0.1;8;26.1;0.0139;0.0132;0.0136;0.9103;0.9136;0.9111
182;4;relu;True;0.1;8;26.6;0.0142;0.0129;0.0143;0.9078;0.9162;0.9064
183;4;$\sigma$;False;0.1;8;26.3;0.0823;0.0825;0.0821;278;0.2753;0.2784
184;4;$\sigma$;True;0.1;8;27.2;0.0796;0.0798;0.0794;319;321;0.3151
185;4;tanh;False;0.1;8;26.6;0.0151;0.0144;0.0152;0.9055;0.9078;0.9011
186;4;tanh;True;0.1;8;27.1;0.0147;0.0138;0.0143;0.9079;0.9118;0.9071
187;4;relu;False;0.1;32;9.8;0.0471;0.0461;0.0466;0.6293;0.6331;0.6319
188;4;relu;True;0.1;32;10.1;0.0214;0.0195;0.0205;861;0.8715;0.8662
189;4;$\sigma$;False;0.1;32;9.9;0.0891;0.0891;89;0.1531;0.1461;0.1607
190;4;$\sigma$;True;0.1;32;10.1;0.09;0.0899;0.09;0.1686;0.1751;0.1792
191;4;tanh;False;0.1;32;10.1;0.0332;0.0314;0.0323;0.7886;0.8017;0.7995
192;4;tanh;True;0.1;32;10.3;0.0304;0.0281;0.0289;832;0.8519;0.8457
193;4;relu;False;0.1;128;5.7;0.0771;0.0761;0.0766;0.2889;0.3036;0.2943
194;4;relu;True;0.1;128;5.8;0.0707;0.0701;0.0705;0.4409;0.4452;0.4383
195;4;$\sigma$;False;0.1;128;5.9;0.09;0.0901;0.0901;0.1846;0.1946;0.1886
196;4;$\sigma$;True;0.1;128;6.0;0.0903;0.0903;0.0902;0.1056;0.1105;0.1033
197;4;tanh;False;0.1;128;6.0;0.0626;0.0617;0.0623;0.6316;0.6499;0.6333
198;4;tanh;True;0.1;128;6.0;0.0653;0.0646;0.0651;0.5939;0.6032;0.5973
199;4;relu;False;0.01;8;27.9;0.0497;0.0485;49;0.6637;0.6734;0.6725
200;4;relu;True;0.01;8;28.6;0.0681;0.0673;0.0679;0.4988;0.5092;0.4935
201;4;$\sigma$;False;0.01;8;27.9;0.09;0.09;0.09;0.1795;0.1813;0.1737
202;4;$\sigma$;True;0.01;8;28.9;0.0902;0.0903;0.0902;0.1139;0.1069;0.1137
203;4;tanh;False;0.01;8;28.3;0.0536;0.0526;0.0533;0.6611;0.6755;666
204;4;tanh;True;0.01;8;28.9;0.0584;0.0573;0.0577;0.6119;0.6294;623
205;4;relu;False;0.01;32;10.7;0.0875;0.0874;0.0875;0.2039;0.2089;0.2049
206;4;relu;True;0.01;32;10.8;0.0863;0.0862;0.0862;118;0.1186;116
207;4;$\sigma$;False;0.01;32;10.7;91;91;0.0911;0.1035;109;0.1028
208;4;$\sigma$;True;0.01;32;10.8;0.0924;0.0924;0.0923;0.0994;99;0.1032
209;4;tanh;False;0.01;32;10.8;0.0805;0.0802;0.0802;0.5232;536;0.5294
210;4;tanh;True;0.01;32;11.1;0.0819;0.0817;0.0817;0.4568;0.4764;0.4634
211;4;relu;False;0.01;128;6.2;0.0892;0.0891;0.0891;129;0.1296;0.1296
212;4;relu;True;0.01;128;6.4;0.0892;0.0892;0.0892;0.1497;0.1416;0.1506
213;4;$\sigma$;False;0.01;128;6.2;0.0918;0.0918;0.0918;0.0986;0.0991;98
214;4;$\sigma$;True;0.01;128;6.6;0.0905;0.0906;0.0906;0.0649;0.0641;0.0676
215;4;tanh;False;0.01;128;6.2;0.0892;89;0.0892;0.1696;0.1755;0.1788
216;4;tanh;True;0.01;128;6.4;0.0876;0.0874;0.0875;0.2119;0.2126;0.2127
217;5;relu;False;1;8;33.7;0.0167;0.0151;0.0168;0.9072;0.9148;0.9065
218;5;relu;True;1;8;34.6;0.1579;0.1581;158;0.2103;0.2095;0.2098
219;5;$\sigma$;False;1;8;34.0;0.0099;0.0095;0.0099;0.9371;0.9398;0.9358
220;5;$\sigma$;True;1;8;34.9;0.0103;0.0098;0.0104;0.9363;0.9376;0.9335
221;5;tanh;False;1;8;34.3;0.0062;0.0068;0.0071;0.9605;955;0.9542
222;5;tanh;True;1;8;34.7;0.0061;0.0067;7;0.9611;957;954
223;5;relu;False;1;32;13.3;0.0062;0.0064;0.0068;0.9615;0.9585;0.9557
224;5;relu;True;1;32;13.2;0.1096;0.1091;0.1103;447;0.4486;443
225;5;$\sigma$;False;1;32;13.3;0.0241;22;0.0227;0.8629;0.8805;0.8713
226;5;$\sigma$;True;1;32;13.4;0.0243;0.0229;0.0236;0.8648;876;0.8694
227;5;tanh;False;1;32;13.2;0.0072;0.0072;0.0079;0.9546;0.9556;0.9493
228;5;tanh;True;1;32;13.5;0.0075;0.0074;0.0082;0.9531;0.9522;0.9447
229;5;relu;False;1;128;7.4;0.0111;0.0105;11;0.9308;0.9323;929
230;5;relu;True;1;128;7.4;0.0127;0.0117;0.0123;0.9181;0.9238;0.9197
231;5;$\sigma$;False;1;128;7.4;0.0807;0.0807;0.0807;0.3362;0.3357;0.3396
232;5;$\sigma$;True;1;128;7.5;0.0833;0.0833;0.0833;0.2676;0.2651;0.2708
233;5;tanh;False;1;128;7.4;14;0.0131;0.0136;0.9179;0.9209;921
234;5;tanh;True;1;128;7.5;0.0143;0.0133;0.0138;0.9135;0.9199;0.9188
235;5;relu;False;0.1;8;35.7;0.0092;9;0.0093;0.9425;0.9408;0.9392
236;5;relu;True;0.1;8;36.7;0.0096;0.0091;0.0096;0.9384;0.9409;0.9377
237;5;$\sigma$;False;0.1;8;35.8;0.0749;0.0751;0.0745;0.4263;0.4359;0.4302
238;5;$\sigma$;True;0.1;8;36.7;0.0678;0.0672;0.0675;0.5063;0.5131;0.5077
239;5;tanh;False;0.1;8;36.1;0.0111;0.0105;0.0109;0.9324;0.9342;0.9319
240;5;tanh;True;0.1;8;37.0;11;0.0103;0.0108;0.9321;0.9381;0.9353
241;5;relu;False;0.1;32;13.9;0.02;0.0185;0.0193;0.8826;894;0.8829
242;5;relu;True;0.1;32;14.0;0.0193;0.0176;18;0.8798;0.8915;887
243;5;$\sigma$;False;0.1;32;14.0;0.0883;0.0883;0.0882;0.2687;0.2692;0.2746
244;5;$\sigma$;True;0.1;32;14.2;0.0887;0.0887;0.0887;0.1594;0.1496;0.1648
245;5;tanh;False;0.1;32;14.0;0.0223;0.0202;21;0.8727;0.8888;0.8817
246;5;tanh;True;0.1;32;14.3;0.0273;0.0252;0.0262;841;0.8609;0.8524
247;5;relu;False;0.1;128;7.8;0.0568;0.0548;0.0562;0.5911;0.6101;0.5976
248;5;relu;True;0.1;128;7.9;0.0631;0.0624;0.0625;0.4904;0.5033;0.4929
249;5;$\sigma$;False;0.1;128;7.9;0.0903;0.0903;0.0903;0.1188;0.1109;0.1219
250;5;$\sigma$;True;0.1;128;7.9;0.0897;0.0897;0.0897;0.1912;0.1957;0.1875
251;5;tanh;False;0.1;128;7.9;0.0509;0.0492;0.0506;0.6687;0.6889;0.6649
252;5;tanh;True;0.1;128;8.0;0.0469;0.0455;0.0462;0.7774;0.8011;0.7886
253;5;relu;False;0.01;8;37.2;0.0343;0.0324;0.0335;0.7882;0.8075;0.7916
254;5;relu;True;0.01;8;38.0;0.0451;0.0431;0.0438;0.6946;0.7133;0.7088
255;5;$\sigma$;False;0.01;8;37.4;0.0896;0.0896;0.0896;0.2361;0.2344;0.2406
256;5;$\sigma$;True;0.01;8;38.3;0.0906;0.0907;0.0906;0.1432;0.1368;147
257;5;tanh;False;0.01;8;37.8;0.0395;0.0374;0.0385;0.7717;0.7915;0.7838
258;5;tanh;True;0.01;8;38.4;0.0391;0.0373;38;0.8042;0.8279;0.8186
259;5;relu;False;0.01;32;14.4;0.0875;0.0874;0.0873;0.1645;0.1669;0.1761
260;5;relu;True;0.01;32;14.9;0.0812;0.0808;0.0809;0.3671;0.3744;0.3712
261;5;$\sigma$;False;0.01;32;14.6;0.0904;0.0904;0.0903;0.1242;0.1207;0.1244
262;5;$\sigma$;True;0.01;32;15.0;0.0907;0.0906;0.0907;0.1134;0.1199;0.1133
263;5;tanh;False;0.01;32;15.0;0.0729;0.0726;0.0725;0.4859;0.5023;0.4921
264;5;tanh;True;0.01;32;15.1;0.0704;0.0697;0.0702;0.54;559;0.5448
265;5;relu;False;0.01;128;8.1;89;0.0891;0.0891;0.1729;0.1718;0.1732
266;5;relu;True;0.01;128;8.2;0.0889;0.0888;0.0887;0.1968;0.2041;0.2049
267;5;$\sigma$;False;0.01;128;8.2;0.0914;0.0913;0.0915;0.0988;0.0992;0.0981
268;5;$\sigma$;True;0.01;128;8.3;0.0926;0.0925;0.0927;0.0986;0.0991;98
269;5;tanh;False;0.01;128;8.3;0.0873;0.0874;87;0.2459;0.2434;0.2589
270;5;tanh;True;0.01;128;8.4;0.0839;0.0838;0.0838;358;0.3587;358
271;6;relu;False;1;8;34.7;0.1796;0.1794;0.1798;0.1021;0.1031;0.1012
272;6;relu;True;1;8;35.5;0.1573;0.1577;0.1578;213;0.2109;0.2107
273;6;$\sigma$;False;1;8;35.0;0.0131;0.0122;0.0127;0.9155;0.9209;0.9174
274;6;$\sigma$;True;1;8;35.9;0.0132;0.0126;0.0131;0.9148;0.9174;0.9157
275;6;tanh;False;1;8;35.0;0.0112;0.0109;0.0113;0.9282;0.9276;0.9278
276;6;tanh;True;1;8;36.2;0.0112;0.0112;0.0119;0.9288;0.9285;0.9238
277;6;relu;False;1;32;13.6;0.0141;0.0133;0.0135;0.9105;0.9143;0.9139
278;6;relu;True;1;32;14.3;0.1229;0.1225;0.1224;0.3836;0.3855;0.3866
279;6;$\sigma$;False;1;32;13.6;0.0359;0.0346;0.0351;0.7842;0.8021;0.7951
280;6;$\sigma$;True;1;32;13.9;0.0388;0.0372;38;0.7712;0.7927;0.7798
281;6;tanh;False;1;32;13.7;0.0119;0.0109;0.0119;0.9241;0.9291;0.9232
282;6;tanh;True;1;32;14.0;0.0116;0.0111;0.0119;0.9239;0.9268;0.9213
283;6;relu;False;1;128;8.0;0.0147;0.0136;0.0137;0.9037;0.9078;0.9132
284;6;relu;True;1;128;8.2;0.0138;0.0126;0.0133;0.9094;0.9165;0.9125
285;6;$\sigma$;False;1;128;8.1;0.0889;0.0889;0.0888;0.2997;0.2983;0.2993
286;6;$\sigma$;True;1;128;8.3;0.0867;0.0868;0.0867;0.2103;0.2038;0.2103
287;6;tanh;False;1;128;8.3;0.0143;0.0134;0.0139;0.91;0.9144;0.9145
288;6;tanh;True;1;128;8.3;0.0142;0.0131;0.0133;0.9077;916;0.9156
289;6;relu;False;0.1;8;36.7;0.0125;0.0118;0.0126;0.9193;0.9221;0.9169
290;6;relu;True;0.1;8;37.8;0.0131;12;0.0129;0.9146;0.9213;0.9154
291;6;$\sigma$;False;0.1;8;37.1;0.0844;0.0843;0.0844;372;0.3825;0.3762
292;6;$\sigma$;True;0.1;8;37.9;0.0786;0.0787;0.0784;0.3017;0.3043;304
293;6;tanh;False;0.1;8;37.2;0.0123;0.0117;0.0123;0.9209;0.9245;0.9209
294;6;tanh;True;0.1;8;38.2;0.0119;0.0112;12;0.9235;0.9282;0.9229
295;6;relu;False;0.1;32;14.4;0.0185;0.0171;0.0177;882;0.8895;0.8856
296;6;relu;True;0.1;32;14.6;0.0195;18;0.0186;0.8781;0.8859;0.8811
297;6;$\sigma$;False;0.1;32;14.3;0.0898;0.0898;0.0898;0.1251;0.1198;0.1245
298;6;$\sigma$;True;0.1;32;14.6;0.0896;0.0896;0.0896;0.1144;0.1071;0.1148
299;6;tanh;False;0.1;32;14.5;0.0198;0.0181;0.0189;0.8805;0.8941;0.8863
300;6;tanh;True;0.1;32;14.8;0.0193;0.0179;0.0185;0.8855;0.8954;0.8898
301;6;relu;False;0.1;128;8.6;0.0827;82;0.0826;0.2818;0.2916;0.2832
302;6;relu;True;0.1;128;8.7;0.0778;0.0772;0.0774;0.3182;0.3278;0.3229
303;6;$\sigma$;False;0.1;128;8.8;0.0899;0.0899;0.0899;0.1804;0.1851;0.1847
304;6;$\sigma$;True;0.1;128;8.8;0.09;0.0901;0.09;148;0.1429;0.1459
305;6;tanh;False;0.1;128;8.7;0.0576;57;0.0572;0.6201;0.6299;0.6272
306;6;tanh;True;0.1;128;8.9;0.0612;0.06;0.0607;0.6826;0.7068;0.6983
307;6;relu;False;0.01;8;38.6;0.0578;57;0.0567;0.6257;0.6371;0.6377
308;6;relu;True;0.01;8;39.5;0.0691;0.0685;0.0684;531;0.5489;0.5464
309;6;$\sigma$;False;0.01;8;39.2;0.0899;0.0899;0.0899;0.1136;0.1064;0.1135
310;6;$\sigma$;True;0.01;8;39.9;0.0902;0.0902;0.0903;0.1136;0.1064;0.1135
311;6;tanh;False;0.01;8;39.0;0.0383;0.0362;0.0374;0.7673;0.7841;0.7762
312;6;tanh;True;0.01;8;39.9;0.0423;0.0408;0.0412;0.7139;0.7256;0.7267
313;6;relu;False;0.01;32;15.1;0.0884;0.0883;0.0883;0.1804;0.1905;0.1829
314;6;relu;True;0.01;32;15.3;0.0885;0.0884;0.0885;0.2116;0.2119;0.2176
315;6;$\sigma$;False;0.01;32;15.2;0.0904;0.0903;0.0904;0.1015;0.1033;0.1024
316;6;$\sigma$;True;0.01;32;15.3;0.0904;0.0905;0.0904;0.1136;0.1064;0.1135
317;6;tanh;False;0.01;32;15.2;0.0826;0.0824;0.0823;0.4393;0.4459;0.4519
318;6;tanh;True;0.01;32;15.5;0.0797;0.0797;0.0795;0.4193;0.4292;0.4343
319;6;relu;False;0.01;128;9.0;0.0898;0.0899;0.0899;0.1351;0.1331;0.1264
320;6;relu;True;0.01;128;9.2;0.0898;0.0898;0.0899;0.1303;0.1311;0.1314
321;6;$\sigma$;False;0.01;128;9.4;0.0934;0.0935;0.0934;0.0998;0.0961;0.1009
322;6;$\sigma$;True;0.01;128;9.4;0.0918;0.0916;0.0918;0.1035;109;0.1028
323;6;tanh;False;0.01;128;9.3;0.0887;0.0886;0.0887;0.2041;0.2069;0.2028
324;6;tanh;True;0.01;128;9.5;89;0.0889;89;0.1856;0.1906;0.1885
325;7;relu;False;1;8;46.6;0.1606;0.16;0.1604;0.1969;0.1999;198
326;7;relu;True;1;8;48.0;0.1515;0.1525;0.1522;0.2419;0.2372;0.2386
327;7;$\sigma$;False;1;8;47.2;0.0095;0.0089;0.0095;0.9383;943;0.9392
328;7;$\sigma$;True;1;8;48.3;0.01;0.0096;0.0101;0.9359;0.9368;934
329;7;tanh;False;1;8;47.7;0.0049;0.0053;0.0057;0.9682;0.9661;0.9629
330;7;tanh;True;1;8;48.3;0.0042;0.0052;0.0053;0.9732;0.9661;0.9657
331;7;relu;False;1;32;18.4;0.0079;0.0075;0.0081;0.9496;0.95;0.9457
332;7;relu;True;1;32;18.6;0.1001;0.0977;0.1001;0.4913;0.5033;0.4902
333;7;$\sigma$;False;1;32;18.5;0.0168;0.0156;0.0161;0.8945;0.9026;0.8975
334;7;$\sigma$;True;1;32;18.9;0.0166;0.0152;0.0158;0.8966;0.9082;0.9001
335;7;tanh;False;1;32;18.7;0.0066;0.0066;0.0069;0.9587;0.9577;0.9553
336;7;tanh;True;1;32;19.0;0.0069;0.0069;0.0074;0.9572;0.9548;0.9525
337;7;relu;False;1;128;10.6;0.0105;0.0098;0.0102;0.9343;0.9385;0.9347
338;7;relu;True;1;128;10.5;12;0.0114;0.0119;0.9229;0.9261;0.9227
339;7;$\sigma$;False;1;128;10.6;0.0727;0.0727;0.0724;0.4768;0.4821;0.4798
340;7;$\sigma$;True;1;128;10.7;0.07;0.0698;0.0697;0.4774;0.4909;0.4709
341;7;tanh;False;1;128;10.7;0.0117;0.0108;0.0115;0.9263;0.9306;0.9248
342;7;tanh;True;1;128;10.9;0.0115;0.0106;0.0112;0.9267;0.93;929
343;7;relu;False;0.1;8;50.1;0.0087;0.0082;0.0089;0.9445;0.9481;0.9422
344;7;relu;True;0.1;8;49.8;0.0095;0.0091;0.0095;0.9394;0.9402;0.9374
345;7;$\sigma$;False;0.1;8;48.7;0.0439;0.0425;0.0432;0.74;0.7606;749
346;7;$\sigma$;True;0.1;8;50.2;0.0406;39;0.0398;0.7645;0.7865;0.7756
347;7;tanh;False;0.1;8;49.2;0.0096;9;0.0096;0.9397;0.9436;0.9386
348;7;tanh;True;0.1;8;50.5;0.0099;0.0092;0.0099;0.9388;941;0.9358
349;7;relu;False;0.1;32;19.1;0.0144;13;0.0135;0.9085;0.9195;0.9139
350;7;relu;True;0.1;32;19.2;14;0.0127;0.0133;0.9117;0.9205;0.9164
351;7;$\sigma$;False;0.1;32;19.0;0.0888;0.0888;0.0888;0.2464;0.2443;0.2534
352;7;$\sigma$;True;0.1;32;19.4;0.0875;0.0875;0.0874;0.2663;0.2613;0.2758
353;7;tanh;False;0.1;32;19.3;0.0151;0.0135;0.0141;0.9054;0.9145;0.9126
354;7;tanh;True;0.1;32;19.5;0.0149;0.0134;0.0139;0.9055;0.9133;0.9119
355;7;relu;False;0.1;128;11.1;0.0351;33;0.0335;0.79;808;0.8004
356;7;relu;True;0.1;128;11.2;0.0304;0.0283;0.0291;829;0.8453;0.8403
357;7;$\sigma$;False;0.1;128;10.9;0.0901;0.0901;0.0901;0.1694;0.1714;0.1702
358;7;$\sigma$;True;0.1;128;11.1;0.0894;0.0894;0.0894;0.1243;0.1175;0.1258
359;7;tanh;False;0.1;128;11.1;0.0277;0.0252;0.0263;0.8453;0.8668;0.8573
360;7;tanh;True;0.1;128;11.2;0.0269;0.0245;0.0255;0.8501;868;0.8633
361;7;relu;False;0.01;8;52.6;0.0212;0.0193;0.02;0.8742;0.8862;883
362;7;relu;True;0.01;8;52.2;24;0.0218;0.0225;0.8629;0.8801;0.8739
363;7;$\sigma$;False;0.01;8;51.1;0.0901;0.0902;0.0901;0.1858;0.1832;0.1826
364;7;$\sigma$;True;0.01;8;51.9;0.0894;0.0894;0.0893;0.1159;0.1086;0.1183
365;7;tanh;False;0.01;8;53.3;0.0212;0.0189;0.02;876;0.8917;0.8853
366;7;tanh;True;0.01;8;52.6;0.0211;0.0189;0.0198;0.8748;0.8896;0.8868
367;7;relu;False;0.01;32;20.7;0.0767;0.0762;0.0763;0.5228;0.5365;0.5247
368;7;relu;True;0.01;32;20.7;0.0709;0.0703;0.0706;0.5761;0.5876;0.5856
369;7;$\sigma$;False;0.01;32;20.2;0.0908;0.0909;0.0907;0.1392;0.1291;0.1417
370;7;$\sigma$;True;0.01;32;20.9;0.0902;0.0902;0.0903;0.1215;0.1113;0.1228
371;7;tanh;False;0.01;32;20.3;0.0488;0.0469;0.0478;0.7276;0.7479;0.7424
372;7;tanh;True;0.01;32;20.5;49;0.0473;0.0481;0.7238;0.7473;0.7318
373;7;relu;False;0.01;128;11.5;0.0875;0.0874;0.0874;0.2363;0.2445;0.2398
374;7;relu;True;0.01;128;11.7;0.0885;0.0884;0.0883;0.2197;0.2336;0.2299
375;7;$\sigma$;False;0.01;128;11.7;0.0908;0.0908;0.0908;119;0.1118;0.1181
376;7;$\sigma$;True;0.01;128;11.9;91;91;91;0.0935;101;0.0973
377;7;tanh;False;0.01;128;12.6;0.0803;0.0795;0.0805;0.3822;0.4037;0.3757
378;7;tanh;True;0.01;128;12.0;0.0811;0.0809;0.0812;0.4397;0.4404;0.4358