Index-Nr;Modell-Nr;Kernel;Stride;Lernrate;Mini Batch;Trainingszeit (s);Train-Cost;Val.-Cost;Test-Cost;Train-Quote;Val.-Quote;Test-Quote
1;1;2x2;1x1;1;8;35.4;0.0027;0.0039;0.0037;0.9836;975;975
2;1;2x2;1x2;1;8;23.5;0.0046;5;0.0053;0.9707;0.9682;965
3;1;2x2;2x1;1;8;23.6;5;0.0055;0.0054;0.9683;0.9636;0.9643
4;1;2x2;2x2;1;8;17.0;0.0072;0.0071;0.0073;0.9535;0.9549;0.9504
5;1;2x3;1x1;1;8;44.9;0.0029;0.0038;0.0037;0.9819;975;976
6;1;2x3;1x2;1;8;26.4;0.0038;0.0039;0.0042;0.9752;0.9736;0.9733
7;1;2x3;2x1;1;8;25.8;0.0047;0.0052;0.0051;0.9713;0.9669;0.9663
8;1;2x3;2x2;1;8;18.6;0.0059;0.0062;0.0059;0.9608;0.9597;0.9611
9;1;3x2;1x1;1;8;45.6;0.0028;0.0037;0.0039;0.9825;0.9775;0.9745
10;1;3x2;1x2;1;8;26.9;0.0036;0.0043;0.0043;0.9775;0.9722;0.9713
11;1;3x2;2x1;1;8;26.5;0.0047;5;0.0052;0.9693;0.9677;0.9663
12;1;3x2;2x2;1;8;18.9;0.0054;0.0055;0.0055;0.9658;0.9647;0.9634
13;1;3x3;1x1;1;8;56.3;0.0023;0.0031;3;0.9855;0.9798;981
14;1;3x3;1x2;1;8;30.0;0.0033;0.0036;0.0035;0.9791;0.9752;0.9764
15;1;3x3;2x1;1;8;29.5;0.0033;0.0037;0.0037;0.9785;0.9766;0.9756
16;1;3x3;2x2;1;8;23.5;0.0049;0.0048;0.0048;0.9677;0.9685;0.9686
17;1;2x2;1x1;1;32;20.1;0.0059;0.0059;0.0061;0.9628;0.9618;0.96
18;1;2x2;1x2;1;32;12.6;0.0069;0.0063;0.0067;0.9576;0.9605;0.9565
19;1;2x2;2x1;1;32;12.3;0.0085;0.0083;0.0086;0.9464;946;0.9452
20;1;2x2;2x2;1;32;7.7;0.0137;0.0126;0.0132;0.9112;0.9168;0.9123
21;1;2x3;1x1;1;32;24.3;0.0037;0.0039;0.0041;0.9775;0.9736;0.9732
22;1;2x3;1x2;1;32;15.2;0.0074;0.0068;7;0.9531;0.9566;0.9552
23;1;2x3;2x1;1;32;15.0;0.0063;0.0064;0.0063;0.9602;0.9597;0.9594
24;1;2x3;2x2;1;32;9.0;0.0099;0.0093;0.0091;0.9356;0.9397;0.9408
25;1;3x2;1x1;1;32;24.8;0.0045;0.0045;0.0047;0.9714;0.9717;0.9697
26;1;3x2;1x2;1;32;15.8;0.0058;0.0055;0.0058;0.9643;0.9655;0.9611
27;1;3x2;2x1;1;32;15.3;0.0047;0.0048;0.0049;0.9709;0.9701;0.9676
28;1;3x2;2x2;1;32;9.1;0.0082;0.0077;0.0081;0.9481;0.9516;0.9484
29;1;3x3;1x1;1;32;27.0;0.0042;0.0041;0.0044;973;0.9738;0.9711
30;1;3x3;1x2;1;32;18.6;0.0042;0.0041;0.0043;0.9733;0.9738;973
31;1;3x3;2x1;1;32;17.7;0.0045;0.0045;0.0045;0.9717;0.9719;0.9712
32;1;3x3;2x2;1;32;10.1;0.0094;0.0088;0.0087;0.9385;0.9415;0.9429
33;1;2x2;1x1;1;128;16.3;0.0132;0.0119;0.0124;0.9129;0.9217;0.9181
34;1;2x2;1x2;1;128;7.2;0.0158;0.0141;0.0149;0.8939;0.9069;0.9018
35;1;2x2;2x1;1;128;7.2;15;14;0.0145;0.9017;0.9084;0.9042
36;1;2x2;2x2;1;128;4.5;0.0211;0.0191;0.0203;0.8597;0.8735;0.8648
37;1;2x3;1x1;1;128;18.8;0.0111;0.0102;0.0106;0.9264;0.9331;0.9317
38;1;2x3;1x2;1;128;7.6;0.0119;0.0106;0.0109;0.9217;0.9296;928
39;1;2x3;2x1;1;128;7.6;13;12;0.0124;917;0.9228;0.9206
40;1;2x3;2x2;1;128;5.4;0.0181;0.0163;0.0168;0.8814;0.8929;891
41;1;3x2;1x1;1;128;19.4;0.0092;0.0085;0.0087;0.9411;0.9454;943
42;1;3x2;1x2;1;128;7.9;0.0115;0.0104;0.0107;926;0.9331;0.9313
43;1;3x2;2x1;1;128;7.9;0.0107;0.0098;0.01;0.9332;0.9393;0.9394
44;1;3x2;2x2;1;128;5.4;0.0163;0.0148;0.0153;0.8945;904;0.9018
45;1;3x3;1x1;1;128;24.7;0.0055;5;0.0053;0.9664;0.9699;0.9674
46;1;3x3;1x2;1;128;9.8;0.0082;0.0074;0.0075;0.9475;0.9531;0.9518
47;1;3x3;2x1;1;128;9.5;0.0087;0.0082;0.0083;0.9462;0.9487;948
48;1;3x3;2x2;1;128;5.8;0.0173;0.0156;0.0165;0.8867;0.9007;0.8948
49;1;2x2;1x1;0.1;8;43.4;0.0085;0.0079;0.0085;0.9473;0.9511;946
50;1;2x2;1x2;0.1;8;31.0;0.0127;0.0114;0.0121;0.9169;0.9264;0.9209
51;1;2x2;2x1;0.1;8;30.6;0.0154;0.0144;0.0148;0.8983;0.9026;0.9026
52;1;2x2;2x2;0.1;8;23.0;18;0.0165;0.0173;0.8807;0.8913;0.8853
53;1;2x3;1x1;0.1;8;50.0;0.0069;0.0065;0.0068;0.9575;0.9601;0.9573
54;1;2x3;1x2;0.1;8;34.2;0.01;0.0091;0.0094;0.9351;0.9407;0.9398
55;1;2x3;2x1;0.1;8;33.8;0.0106;0.01;0.0101;0.9324;0.9355;0.9361
56;1;2x3;2x2;0.1;8;24.6;0.0143;0.0129;0.0133;0.9074;918;916
57;1;3x2;1x1;0.1;8;49.2;0.0064;0.0058;6;0.9618;0.9656;0.9615
58;1;3x2;1x2;0.1;8;32.3;0.0094;0.0084;0.0089;0.9397;0.9473;0.9416
59;1;3x2;2x1;0.1;8;31.8;0.0085;0.0081;0.0081;0.9465;949;0.9484
60;1;3x2;2x2;0.1;8;23.2;0.0119;0.0109;0.0114;0.9248;0.9319;0.9254
61;1;3x3;1x1;0.1;8;58.4;0.0046;0.0044;0.0044;0.9725;0.9725;0.9727
62;1;3x3;1x2;0.1;8;33.5;0.0061;0.0056;0.0057;0.9622;966;0.9647
63;1;3x3;2x1;0.1;8;32.7;0.0073;0.0066;0.0067;0.9546;0.9587;0.9584
64;1;3x3;2x2;0.1;8;26.0;0.0093;0.0085;0.0088;0.9413;0.9451;0.9449
65;1;2x2;1x1;0.1;32;22.1;0.0123;0.0112;0.0116;0.9207;0.9263;0.9251
66;1;2x2;1x2;0.1;32;14.1;0.0158;0.0138;0.0145;0.8969;0.9112;0.9034
67;1;2x2;2x1;0.1;32;13.8;0.0181;0.0164;17;0.8815;0.8924;0.8878
68;1;2x2;2x2;0.1;32;9.0;0.0234;0.0209;0.0222;0.8465;0.8643;856
69;1;2x3;1x1;0.1;32;26.2;0.0128;0.0115;0.0118;0.9177;0.9254;0.9226
70;1;2x3;1x2;0.1;32;16.6;0.0143;0.0124;0.0131;0.9091;0.92;0.9143
71;1;2x3;2x1;0.1;32;16.7;0.0166;15;0.0155;892;0.9009;0.8984
72;1;2x3;2x2;0.1;32;10.3;0.0211;0.0187;0.0196;0.8644;878;0.8711
73;1;3x2;1x1;0.1;32;26.7;0.0133;0.0123;0.0125;0.9137;0.9195;0.9191
74;1;3x2;1x2;0.1;32;17.0;0.0157;0.0141;0.0147;898;0.9095;0.9058
75;1;3x2;2x1;0.1;32;16.5;0.0161;0.0149;0.0151;0.8975;0.9048;0.9044
76;1;3x2;2x2;0.1;32;10.5;0.0226;0.0203;0.0217;0.8532;0.8692;0.8632
77;1;3x3;1x1;0.1;32;29.5;0.0092;0.0082;0.0084;0.9433;0.9483;0.9481
78;1;3x3;1x2;0.1;32;20.3;0.0123;0.0108;0.0112;0.9208;0.9303;0.9301
79;1;3x3;2x1;0.1;32;19.3;15;0.0139;0.0143;0.9042;909;0.9071
80;1;3x3;2x2;0.1;32;11.9;0.0193;0.0174;18;0.8761;0.8839;888
81;1;2x2;1x1;0.1;128;18.0;0.0158;14;0.0147;0.9007;0.9111;0.9075
82;1;2x2;1x2;0.1;128;8.5;0.0235;0.0208;22;0.8567;877;0.8686
83;1;2x2;2x1;0.1;128;8.7;0.0259;0.0233;0.0243;0.8434;0.8601;0.8525
84;1;2x2;2x2;0.1;128;5.4;0.0735;0.0729;0.0732;0.4791;0.4834;0.4849
85;1;2x3;1x1;0.1;128;19.9;0.0156;0.0135;0.0143;0.8988;0.9166;0.9091
86;1;2x3;1x2;0.1;128;9.5;0.0246;0.0219;23;0.8589;0.8747;0.8725
87;1;2x3;2x1;0.1;128;9.0;0.0252;0.0226;0.0236;0.8417;0.8554;0.8548
88;1;2x3;2x2;0.1;128;6.5;0.0481;0.0461;0.0474;0.7056;0.7306;0.7137
89;1;3x2;1x1;0.1;128;20.4;0.0163;0.0145;15;0.8956;908;0.9061
90;1;3x2;1x2;0.1;128;9.5;0.0235;21;0.0222;856;0.8717;0.8668
91;1;3x2;2x1;0.1;128;9.2;0.0281;0.0259;0.0265;0.8257;0.8396;0.8383
92;1;3x2;2x2;0.1;128;6.6;0.0622;0.0613;0.0618;0.5872;604;0.5991
93;1;3x3;1x1;0.1;128;25.8;15;0.0132;0.0138;0.9056;0.9174;0.9127
94;1;3x3;1x2;0.1;128;11.3;0.0248;0.0219;23;0.8558;873;0.87
95;1;3x3;2x1;0.1;128;11.5;31;0.0284;0.0296;0.8145;834;826
96;1;3x3;2x2;0.1;128;7.1;0.0695;0.0689;0.0689;0.4814;0.4925;0.4924
97;1;2x2;1x1;0.01;8;48.1;0.0148;0.0131;0.0137;0.9044;915;0.9105
98;1;2x2;1x2;0.01;8;32.4;0.0194;17;0.0182;0.8758;0.8903;0.8841
99;1;2x2;2x1;0.01;8;37.9;0.0223;0.0199;21;0.8598;0.8728;869
100;1;2x2;2x2;0.01;8;30.1;0.0415;0.0391;0.04;0.7435;0.7715;0.7622
101;1;2x3;1x1;0.01;8;53.2;14;0.0123;0.0128;0.9093;0.9211;916
102;1;2x3;1x2;0.01;8;37.6;0.0183;0.0159;17;0.8821;0.8971;0.8926
103;1;2x3;2x1;0.01;8;37.4;0.0198;0.0178;0.0185;0.8752;0.8878;884
104;1;2x3;2x2;0.01;8;28.0;0.0416;39;0.0403;0.7454;0.7744;0.7586
105;1;3x2;1x1;0.01;8;54.7;0.0144;0.0129;0.0133;0.9074;919;0.9132
106;1;3x2;1x2;0.01;8;36.9;0.0189;0.0166;0.0177;878;0.8941;0.8868
107;1;3x2;2x1;0.01;8;36.5;0.0224;0.0203;0.0213;0.8588;0.8711;0.8672
108;1;3x2;2x2;0.01;8;27.0;0.0454;0.0435;0.0441;709;0.7253;0.7243
109;1;3x3;1x1;0.01;8;62.8;0.0134;12;0.0124;916;0.9239;0.9217
110;1;3x3;1x2;0.01;8;38.2;18;0.0158;0.0165;0.8848;0.8969;0.8973
111;1;3x3;2x1;0.01;8;37.8;0.0194;0.0174;0.0184;0.8815;0.8921;0.8886
112;1;3x3;2x2;0.01;8;31.6;34;0.0312;0.0324;0.7917;0.8174;0.8082
113;1;2x2;1x1;0.01;32;25.5;0.0218;0.0193;0.0203;0.8738;0.8886;0.8852
114;1;2x2;1x2;0.01;32;16.1;0.0734;0.0729;73;0.5735;0.5958;0.5979
115;1;2x2;2x1;0.01;32;15.9;0.0725;0.0718;0.0723;0.5555;0.5741;0.5691
116;1;2x2;2x2;0.01;32;11.1;0.0883;0.0883;0.0882;0.2193;0.2205;0.2291
117;1;2x3;1x1;0.01;32;29.1;0.0233;0.0206;0.0218;0.8679;0.8858;0.8804
118;1;2x3;1x2;0.01;32;18.5;0.0449;0.0429;0.0438;0.7393;0.7593;0.7546
119;1;2x3;2x1;0.01;32;18.1;55;0.0535;0.0544;0.6754;0.6894;688
120;1;2x3;2x2;0.01;32;11.9;88;0.0879;0.0878;0.2606;0.2566;0.2699
121;1;3x2;1x1;0.01;32;29.2;0.0224;0.0201;21;867;0.8818;0.8799
122;1;3x2;1x2;0.01;32;20.1;0.0711;0.0703;0.0709;0.5921;0.6066;0.6068
123;1;3x2;2x1;0.01;32;18.5;0.0711;0.0705;0.0707;0.5776;0.5923;0.5857
124;1;3x2;2x2;0.01;32;11.7;0.0882;0.0882;0.0882;0.2879;0.2919;299
125;1;3x3;1x1;0.01;32;35.1;0.0225;0.02;0.0212;0.8671;0.8833;0.8774
126;1;3x3;1x2;0.01;32;23.3;0.0826;0.0823;0.0825;544;0.5612;0.5547
127;1;3x3;2x1;0.01;32;22.8;0.0659;65;0.0651;604;0.6257;0.6206
128;1;3x3;2x2;0.01;32;14.7;0.0867;0.0867;0.0866;0.3101;0.3077;0.3157
129;1;2x2;1x1;0.01;128;18.7;0.0697;0.0689;0.0692;0.6025;0.6154;0.6104
130;1;2x2;1x2;0.01;128;10.2;0.0886;0.0886;0.0886;0.2845;0.2804;0.2831
131;1;2x2;2x1;0.01;128;10.0;0.0862;0.0862;0.0861;0.2638;0.2542;0.2713
132;1;2x2;2x2;0.01;128;7.2;0.0896;0.0895;0.0896;0.1575;0.1668;159
133;1;2x3;1x1;0.01;128;22.4;0.0837;0.0834;0.0836;0.5562;0.5786;0.5639
134;1;2x3;1x2;0.01;128;10.6;0.0861;0.0859;86;0.3942;0.4021;0.4028
135;1;2x3;2x1;0.01;128;10.6;0.0866;0.0865;0.0866;386;0.3954;0.3921
136;1;2x3;2x2;0.01;128;8.0;0.09;0.09;0.09;0.1125;0.1172;0.1173
137;1;3x2;1x1;0.01;128;22.3;0.0831;0.0828;0.0829;0.4125;421;0.4129
138;1;3x2;1x2;0.01;128;10.7;0.0851;85;85;0.3661;0.3643;0.3768
139;1;3x2;2x1;0.01;128;10.6;89;89;89;0.2853;0.2872;292
140;1;3x2;2x2;0.01;128;8.2;0.0904;0.0904;0.0904;0.0997;0.0945;0.1023
141;1;3x3;1x1;0.01;128;27.3;0.0749;0.0742;0.0745;0.5574;578;0.5765
142;1;3x3;1x2;0.01;128;12.2;0.0863;0.0861;0.0861;391;0.4051;0.3968
143;1;3x3;2x1;0.01;128;12.2;0.0879;0.0878;0.0878;331;0.3464;0.3382
144;1;3x3;2x2;0.01;128;8.4;89;89;0.0889;0.2086;0.2101;0.2124
145;2;2x2;1x1;1;8;86.8;0.0028;0.0035;0.0041;0.9828;0.9774;0.9741
146;2;2x2;1x2;1;8;51.4;0.1796;0.1794;0.1798;102;103;101
147;2;2x2;2x1;1;8;41.1;0.1773;0.1787;0.1773;0.1136;0.1064;0.1135
148;2;2x2;2x2;1;8;31.5;0.0117;0.0108;0.0111;0.9229;0.9278;0.9257
149;2;2x3;1x1;1;8;96.2;3;0.0032;0.0037;0.9819;0.9805;0.9767
150;2;2x3;1x2;1;8;48.5;0.1806;0.1803;0.1804;0.0972;0.0983;0.0982
151;2;2x3;2x1;1;8;47.3;0.1803;0.1802;0.1804;0.0986;0.0991;98
152;2;2x3;2x2;1;8;33.8;0.1803;0.1802;0.1804;0.0986;0.0991;98
153;2;3x2;1x1;1;8;94.7;0.0028;0.0034;0.0034;0.9827;0.9797;0.9789
154;2;3x2;1x2;1;8;48.2;0.1793;0.1782;0.1794;0.1035;109;0.1028
155;2;3x2;2x1;1;8;47.7;0.1773;0.1787;0.1773;0.1136;0.1064;0.1135
156;2;3x2;2x2;1;8;34.2;0.0091;0.0088;9;0.9395;0.9413;0.9408
157;2;3x3;1x1;1;8;118.6;0.0028;0.0033;0.0034;0.9827;0.9794;0.9786
158;2;3x3;1x2;1;8;62.5;0.1802;0.1807;0.1808;99;0.0967;0.0958
159;2;3x3;2x1;1;8;62.0;0.1796;0.1794;0.1798;102;103;101
160;2;3x3;2x2;1;8;39.9;0.1803;0.1802;0.1804;0.0986;0.0991;98
161;2;2x2;1x1;1;32;45.2;0.0035;0.0039;0.0041;0.9777;0.9747;0.9733
162;2;2x2;1x2;1;32;23.0;0.1644;0.1645;0.1639;0.1779;0.1774;0.1802
163;2;2x2;2x1;1;32;25.3;0.1806;0.1803;0.1804;0.0972;0.0983;0.0982
164;2;2x2;2x2;1;32;14.5;0.1435;0.1425;0.1441;0.2814;0.2867;0.2785
165;2;2x3;1x1;1;32;57.6;3;0.0035;0.0035;0.9812;0.9762;0.9774
166;2;2x3;1x2;1;32;29.7;0.1793;0.1782;0.1794;0.1035;109;0.1028
167;2;2x3;2x1;1;32;26.9;0.1806;0.1803;0.1804;0.0972;0.0983;0.0982
168;2;2x3;2x2;1;32;16.8;182;0.1817;0.1822;0.0901;0.0915;0.0892
169;2;3x2;1x1;1;32;57.0;0.0026;0.0031;3;0.9841;979;0.9811
170;2;3x2;1x2;1;32;30.2;0.1773;0.1787;0.1773;0.1136;0.1064;0.1135
171;2;3x2;2x1;1;32;27.1;159;0.1601;0.1591;0.2049;0.1994;0.2046
172;2;3x2;2x2;1;32;15.9;0.1598;0.1612;0.1598;0.2008;0.1937;0.2005
173;2;3x3;1x1;1;32;71.5;0.0021;0.0026;0.0022;0.9874;0.9842;0.9854
174;2;3x3;1x2;1;32;34.9;166;0.1674;0.1662;0.17;0.1629;0.1689
175;2;3x3;2x1;1;32;32.0;0.1806;0.1803;0.1804;0.0972;0.0983;0.0982
176;2;3x3;2x2;1;32;19.3;0.1803;0.1802;0.1804;0.0986;0.0991;98
177;2;2x2;1x1;1;128;39.1;0.0075;0.0069;7;0.9518;0.9564;0.9546
178;2;2x2;1x2;1;128;15.6;0.0113;0.0102;0.0106;927;0.9337;0.9316
179;2;2x2;2x1;1;128;15.7;0.0142;0.0131;0.0133;0.9049;0.9148;0.9104
180;2;2x2;2x2;1;128;9.6;0.0595;0.0572;0.06;562;0.5798;559
181;2;2x3;1x1;1;128;48.7;0.0162;0.0165;0.0162;0.8828;0.8813;0.8816
182;2;2x3;1x2;1;128;17.7;0.0095;0.0086;0.0091;0.9381;0.9428;941
183;2;2x3;2x1;1;128;17.7;0.01;0.0091;0.0091;0.9335;0.9423;0.9405
184;2;2x3;2x2;1;128;11.8;0.1107;109;0.1083;0.4405;0.4487;0.4531
185;2;3x2;1x1;1;128;48.9;0.0047;0.0045;0.0046;0.9705;0.9722;971
186;2;3x2;1x2;1;128;17.9;0.0071;0.0066;0.0068;955;958;0.9566
187;2;3x2;2x1;1;128;17.9;0.01;0.0089;9;0.9343;0.9428;0.9411
188;2;3x2;2x2;1;128;11.9;0.1377;0.1389;0.1378;0.2964;0.2909;0.2966
189;2;3x3;1x1;1;128;64.9;0.0165;0.0168;0.0164;882;0.8793;0.8821
190;2;3x3;1x2;1;128;22.2;0.0076;7;7;952;0.9541;0.9544
191;2;3x3;2x1;1;128;22.0;0.0058;0.0056;0.0056;0.9629;0.9647;0.9646
192;2;3x3;2x2;1;128;12.1;0.1382;0.1382;138;0.3026;303;0.3036
193;2;2x2;1x1;0.1;8;83.8;0.0048;0.0047;0.0049;0.9703;0.9706;969
194;2;2x2;1x2;0.1;8;58.7;0.1091;0.1059;0.1072;0.4535;0.4693;0.4625
195;2;2x2;2x1;0.1;8;58.7;0.1328;0.1324;0.1323;0.3359;0.3377;0.3385
196;2;2x2;2x2;0.1;8;48.5;0.0482;0.0438;0.0478;0.7291;0.7547;0.7318
197;2;2x3;1x1;0.1;8;115.1;0.0036;0.0036;0.0037;0.9769;0.9774;0.9763
198;2;2x3;1x2;0.1;8;66.3;0.1636;0.1621;163;0.1819;0.1896;185
199;2;2x3;2x1;0.1;8;67.1;0.1412;142;0.1397;0.2929;0.2884;0.3007
200;2;2x3;2x2;0.1;8;52.2;0.0897;0.0867;0.0883;0.5148;0.5285;0.5229
201;2;3x2;1x1;0.1;8;116.1;0.0038;0.0039;4;976;0.9754;0.9745
202;2;3x2;1x2;0.1;8;66.8;0.1763;0.1766;0.1755;0.1183;0.1169;0.1225
203;2;3x2;2x1;0.1;8;72.9;0.1624;163;0.1626;0.1879;0.1848;0.1869
204;2;3x2;2x2;0.1;8;52.4;0.0286;0.0255;0.0274;0.8018;0.8256;0.8126
205;2;3x3;1x1;0.1;8;127.3;0.0026;0.0029;0.0027;0.9841;0.9813;0.9816
206;2;3x3;1x2;0.1;8;67.4;0.1709;0.1699;0.1707;0.1451;0.15;146
207;2;3x3;2x1;0.1;8;70.7;161;0.1599;0.1622;0.1946;0.2;0.1886
208;2;3x3;2x2;0.1;8;46.0;0.1269;0.1259;0.1256;0.3562;0.3592;0.3626
209;2;2x2;1x1;0.1;32;47.9;0.0117;0.0108;0.0111;0.9237;928;0.9274
210;2;2x2;1x2;0.1;32;29.6;0.0225;0.0202;0.0214;0.8489;865;0.8543
211;2;2x2;2x1;0.1;32;29.3;0.0233;0.0211;0.0215;843;0.8588;0.8569
212;2;2x2;2x2;0.1;32;20.0;0.0502;0.0479;0.0499;0.6392;0.6653;0.6419
213;2;2x3;1x1;0.1;32;59.6;0.0122;0.0112;0.0114;0.92;0.9258;0.9252
214;2;2x3;1x2;0.1;32;33.9;0.0161;0.0145;0.0157;0.8963;0.9079;0.8983
215;2;2x3;2x1;0.1;32;33.1;0.0267;0.0248;0.0246;0.8439;0.8557;0.8567
216;2;2x3;2x2;0.1;32;21.7;0.0346;0.0315;0.0327;0.76;778;0.7749
217;2;3x2;1x1;0.1;32;60.9;0.0089;0.0082;0.0086;0.9437;0.9482;0.9438
218;2;3x2;1x2;0.1;32;33.5;0.0277;0.0253;0.0269;808;0.8233;0.8132
219;2;3x2;2x1;0.1;32;34.1;34;0.0297;0.0332;0.8184;0.8419;0.8229
220;2;3x2;2x2;0.1;32;21.6;34;0.0317;0.0331;0.7593;0.7763;0.7665
221;2;3x3;1x1;0.1;32;75.3;0.0061;0.0056;0.0056;0.9615;0.9653;0.9637
222;2;3x3;1x2;0.1;32;38.8;0.0214;0.0193;0.0195;0.8738;0.8871;0.8848
223;2;3x3;2x1;0.1;32;39.1;0.0196;0.0165;0.0188;0.8673;0.8871;0.8733
224;2;3x3;2x2;0.1;32;24.7;0.0238;0.0216;0.0225;0.8371;0.8505;0.8483
225;2;2x2;1x1;0.1;128;40.1;0.0142;0.0126;0.0132;0.9069;0.9167;0.9128
226;2;2x2;1x2;0.1;128;16.8;0.0486;0.0466;0.0477;0.6889;712;0.7066
227;2;2x2;2x1;0.1;128;17.3;0.0852;0.0851;0.0852;0.3067;0.3174;0.31
228;2;2x2;2x2;0.1;128;11.7;89;0.0889;89;0.2046;0.2104;0.1978
229;2;2x3;1x1;0.1;128;51.2;14;0.0123;0.0127;0.9073;918;0.9172
230;2;2x3;1x2;0.1;128;18.9;0.0235;0.0213;0.0223;0.8449;0.8587;0.8532
231;2;2x3;2x1;0.1;128;18.9;0.0549;0.0534;0.0539;0.6338;661;0.6384
232;2;2x3;2x2;0.1;128;12.6;0.0896;0.0896;0.0896;0.1909;0.1974;196
233;2;3x2;1x1;0.1;128;51.0;0.0153;0.0139;0.0141;0.8987;0.9083;0.9057
234;2;3x2;1x2;0.1;128;19.7;0.0342;0.0317;0.0333;0.7889;0.8112;0.7971
235;2;3x2;2x1;0.1;128;19.1;0.0509;0.0489;0.0494;0.6505;0.6819;663
236;2;3x2;2x2;0.1;128;13.3;0.0893;0.0894;0.0893;248;0.2427;255
237;2;3x3;1x1;0.1;128;67.0;0.0154;0.0136;0.0141;0.8976;0.9072;0.9078
238;2;3x3;1x2;0.1;128;24.1;0.0207;0.0188;0.0193;0.8622;0.8756;0.8709
239;2;3x3;2x1;0.1;128;24.2;0.0471;0.0447;0.0457;0.6981;0.7283;0.7073
240;2;3x3;2x2;0.1;128;14.2;0.0891;89;0.0891;0.2031;0.2062;0.2101
241;2;2x2;1x1;0.01;8;98.2;0.0139;0.0125;13;0.9099;0.9172;0.9142
242;2;2x2;1x2;0.01;8;74.8;0.0289;0.0262;0.0279;0.8109;0.8285;0.8156
243;2;2x2;2x1;0.01;8;71.0;0.0296;0.0274;0.0284;0.7972;0.8104;0.8058
244;2;2x2;2x2;0.01;8;60.1;0.0891;0.0891;0.0891;0.1829;0.1879;0.1801
245;2;2x3;1x1;0.01;8;123.3;13;0.0119;0.0121;0.9141;0.9211;0.9202
246;2;2x3;1x2;0.01;8;79.2;0.0164;0.0148;0.0155;0.8942;0.9038;0.8981
247;2;2x3;2x1;0.01;8;74.6;0.0246;0.0224;0.0233;0.8327;0.8488;842
248;2;2x3;2x2;0.01;8;59.9;0.0896;0.0896;0.0896;0.2172;0.2136;0.2265
249;2;3x2;1x1;0.01;8;124.2;0.0122;11;0.0115;0.9209;0.9284;0.9234
250;2;3x2;1x2;0.01;8;78.8;0.0195;0.0177;0.0185;0.8734;885;0.8817
251;2;3x2;2x1;0.01;8;74.5;0.0211;0.0189;0.0206;0.8601;0.8727;0.8612
252;2;3x2;2x2;0.01;8;61.5;0.0888;0.0888;0.0888;0.2479;0.2496;0.2494
253;2;3x3;1x1;0.01;8;148.2;0.0114;0.0104;0.0106;0.9272;0.9326;0.9311
254;2;3x3;1x2;0.01;8;88.3;0.0155;0.0141;0.0147;0.8994;0.9094;0.9035
255;2;3x3;2x1;0.01;8;90.6;0.0155;0.0136;15;901;0.9125;0.9018
256;2;3x3;2x2;0.01;8;73.7;0.0792;79;0.0789;398;0.4085;411
257;2;2x2;1x1;0.01;32;49.9;0.0198;0.0174;0.0183;0.8769;0.8914;0.8887
258;2;2x2;1x2;0.01;32;31.8;0.0898;0.0898;0.0898;0.1828;0.1856;0.1879
259;2;2x2;2x1;0.01;32;32.5;0.0866;0.0865;0.0865;0.3086;0.3147;0.3162
260;2;2x2;2x2;0.01;32;23.4;0.0898;0.0897;0.0898;0.1152;0.1181;0.1168
261;2;2x3;1x1;0.01;32;63.0;0.0168;0.0147;0.0154;0.8929;0.9058;0.9024
262;2;2x3;1x2;0.01;32;36.9;0.0895;0.0895;0.0895;0.1392;0.1321;0.1283
263;2;2x3;2x1;0.01;32;36.6;0.0886;0.0885;0.0886;0.2761;0.2977;0.2711
264;2;2x3;2x2;0.01;32;26.9;0.0896;0.0896;0.0896;0.1437;146;0.1461
265;2;3x2;1x1;0.01;32;63.8;0.0183;0.0162;0.0171;0.8817;0.8962;0.8925
266;2;3x2;1x2;0.01;32;37.3;0.0454;0.0437;0.0446;0.7184;0.7349;0.7298
267;2;3x2;2x1;0.01;32;37.3;0.0891;89;0.0891;286;0.2859;0.2921
268;2;3x2;2x2;0.01;32;25.4;0.0895;0.0895;0.0895;0.1625;0.1542;0.1656
269;2;3x3;1x1;0.01;32;79.9;0.0178;0.0155;0.0165;0.8854;0.8993;0.8941
270;2;3x3;1x2;0.01;32;43.2;89;89;89;0.1663;0.1677;173
271;2;3x3;2x1;0.01;32;43.1;0.0779;0.0779;0.0775;0.3795;0.3789;0.3929
272;2;3x3;2x2;0.01;32;28.1;0.0897;0.0897;0.0897;0.1222;0.1215;0.1209
273;2;2x2;1x1;0.01;128;42.4;0.0859;0.0857;0.0859;508;0.5286;0.5179
274;2;2x2;1x2;0.01;128;18.6;0.0897;0.0897;0.0897;0.1324;0.1255;0.1291
275;2;2x2;2x1;0.01;128;18.6;0.0901;0.09;0.0901;0.0672;67;0.0682
276;2;2x2;2x2;0.01;128;13.4;0.0898;0.0898;0.0898;0.0974;95;0.0946
277;2;2x3;1x1;0.01;128;52.0;0.0754;0.0748;0.0752;0.6153;635;0.6162
278;2;2x3;1x2;0.01;128;21.3;0.0898;0.0897;0.0898;0.1355;0.1457;0.1392
279;2;2x3;2x1;0.01;128;21.0;0.0901;0.0901;0.0901;99;96;0.0983
280;2;2x3;2x2;0.01;128;15.2;0.0902;0.0902;0.0902;0.0895;0.0843;0.0929
281;2;3x2;1x1;0.01;128;52.4;0.0464;0.0449;0.0453;0.7335;0.7517;0.7474
282;2;3x2;1x2;0.01;128;21.5;0.09;0.09;0.09;0.0566;0.0549;0.0476
283;2;3x2;2x1;0.01;128;21.4;0.0896;0.0896;0.0896;0.0899;0.0872;0.0856
284;2;3x2;2x2;0.01;128;15.1;0.0901;0.09;0.0901;0.1206;0.1264;0.1213
285;2;3x3;1x1;0.01;128;68.8;0.0875;0.0874;0.0875;0.3212;0.3244;0.3236
286;2;3x3;1x2;0.01;128;26.5;0.0896;0.0896;0.0896;0.1963;0.1901;0.2013
287;2;3x3;2x1;0.01;128;26.4;0.0898;0.0898;0.0898;0.1443;0.1526;0.1413
288;2;3x3;2x2;0.01;128;16.1;0.0903;0.0903;0.0903;95;0.0917;0.0959
289;3;2x2;1x1;1;8;114.2;0.0043;0.0045;0.0043;0.9733;0.9721;0.9721
290;3;2x2;1x2;1;8;84.4;0.1802;0.1807;0.1808;99;0.0967;0.0958
291;3;2x2;2x1;1;8;83.3;0.1773;0.1787;0.1773;0.1136;0.1064;0.1135
292;3;2x2;2x2;1;8;66.4;0.1773;0.1787;0.1773;0.1136;0.1064;0.1135
293;3;2x3;1x1;1;8;136.3;0.0045;0.0042;0.0045;0.9754;0.9767;0.9751
294;3;2x3;1x2;1;8;93.2;0.18;0.1808;0.1798;0.0998;0.0961;0.1009
295;3;2x3;2x1;1;8;87.1;0.1793;0.1782;0.1794;0.1035;109;0.1028
296;3;2x3;2x2;1;8;66.5;0.1773;0.1787;0.1773;0.1136;0.1064;0.1135
297;3;3x2;1x1;1;8;137.7;0.0036;0.0036;0.0036;0.9777;0.9778;0.9787
298;3;3x2;1x2;1;8;93.9;0.1801;0.1802;0.1794;0.0994;99;0.1032
299;3;3x2;2x1;1;8;83.5;182;0.1817;0.1822;0.0901;0.0915;0.0892
300;3;3x2;2x2;1;8;68.7;0.1773;0.1787;0.1773;0.1136;0.1064;0.1135
301;3;3x3;1x1;1;8;169.9;0.0068;0.0065;0.0069;0.9593;0.9619;0.9589
302;3;3x3;1x2;1;8;97.7;0.1773;0.1787;0.1773;0.1136;0.1064;0.1135
303;3;3x3;2x1;1;8;92.3;0.1803;0.1802;0.1804;0.0986;0.0991;98
304;3;3x3;2x2;1;8;72.6;0.1806;0.1798;0.1805;0.0968;0.1009;0.0974
305;3;2x2;1x1;1;32;61.3;0.0037;0.0038;4;976;0.9757;0.9731
306;3;2x2;1x2;1;32;35.9;0.1801;0.1802;0.1794;0.0994;99;0.1032
307;3;2x2;2x1;1;32;38.6;0.1489;0.1486;0.15;0.2551;0.2568;0.2499
308;3;2x2;2x2;1;32;27.0;158;0.1579;0.1582;0.2078;0.2084;0.2072
309;3;2x3;1x1;1;32;70.4;0.0022;0.0024;0.0026;986;0.9839;0.9812
310;3;2x3;1x2;1;32;39.0;0.1796;0.18;0.1799;102;0.1;0.1002
311;3;2x3;2x1;1;32;42.1;0.1806;0.1803;0.1804;0.0972;0.0983;0.0982
312;3;2x3;2x2;1;32;28.4;0.1576;0.1591;0.1575;0.2084;0.2009;209
313;3;3x2;1x1;1;32;71.6;0.0027;3;0.0029;0.9831;0.9804;0.9822
314;3;3x2;1x2;1;32;40.1;0.1792;0.1781;0.1793;0.1042;0.1097;0.1037
315;3;3x2;2x1;1;32;42.2;0.1598;161;0.1596;0.2008;0.1952;0.2018
316;3;3x2;2x2;1;32;29.2;0.1485;0.1481;0.1476;0.2559;0.2577;0.2608
317;3;3x3;1x1;1;32;94.6;0.0031;0.0032;0.0032;0.9797;0.9799;979
318;3;3x3;1x2;1;32;48.8;0.1803;0.1802;0.1804;0.0986;0.0991;98
319;3;3x3;2x1;1;32;48.1;0.18;0.1808;0.1798;0.0998;0.0961;0.1009
320;3;3x3;2x2;1;32;30.2;0.1773;0.1787;0.1773;0.1136;0.1064;0.1135
321;3;2x2;1x1;1;128;48.9;0.0098;0.0088;0.0091;0.9378;943;0.9407
322;3;2x2;1x2;1;128;20.4;0.0123;0.0112;0.0111;0.9193;0.9279;0.9282
323;3;2x2;2x1;1;128;20.8;0.0147;0.0134;0.0139;0.9033;0.9128;0.9083
324;3;2x2;2x2;1;128;15.5;77;0.0759;0.0754;0.5428;547;0.5522
325;3;2x3;1x1;1;128;60.3;0.0057;0.0054;0.0055;963;0.9641;0.9634
326;3;2x3;1x2;1;128;22.7;0.0086;0.0074;0.0076;0.9444;952;0.9504
327;3;2x3;2x1;1;128;22.6;0.0108;0.0097;0.0105;0.93;0.9358;0.9312
328;3;2x3;2x2;1;128;17.0;0.0832;0.0831;83;0.2839;0.2869;0.2832
329;3;3x2;1x1;1;128;60.9;0.0041;0.0039;4;0.9746;0.9748;0.9731
330;3;3x2;1x2;1;128;23.6;0.0091;0.0082;0.0083;0.9414;0.9465;0.9475
331;3;3x2;2x1;1;128;23.0;0.0133;12;0.0128;0.9127;0.9223;0.9172
332;3;3x2;2x2;1;128;18.6;0.0662;0.0656;0.0661;0.4612;462;0.4618
333;3;3x3;1x1;1;128;79.7;0.0029;0.0029;0.0029;0.9811;0.9803;0.9804
334;3;3x3;1x2;1;128;28.3;0.0067;0.0062;6;0.9574;0.9601;0.9611
335;3;3x3;2x1;1;128;26.4;0.0103;0.0095;0.0095;0.9311;0.9384;936
336;3;3x3;2x2;1;128;17.5;0.0758;0.0753;0.0756;0.4493;456;0.4544
337;3;2x2;1x1;0.1;8;150.4;0.0044;0.0044;0.0045;0.9724;0.9713;0.9705
338;3;2x2;1x2;0.1;8;102.7;0.1772;0.1772;0.1775;0.1137;0.1139;0.1124
339;3;2x2;2x1;0.1;8;100.5;145;0.1444;0.1451;0.2747;0.2776;0.2742
340;3;2x2;2x2;0.1;8;80.7;0.0415;0.0381;0.0402;0.7296;0.7521;737
341;3;2x3;1x1;0.1;8;144.7;0.0028;0.0031;0.0031;0.9825;0.9794;0.98
342;3;2x3;1x2;0.1;8;105.0;0.16;0.1594;161;0.2;0.2026;0.1947
343;3;2x3;2x1;0.1;8;103.9;0.1558;157;0.1554;221;0.2148;223
344;3;2x3;2x2;0.1;8;105.2;0.0485;0.0462;0.0474;0.6471;0.6702;0.6558
345;3;3x2;1x1;0.1;8;144.4;4;0.0038;0.0038;0.9738;0.9764;0.9733
346;3;3x2;1x2;0.1;8;110.6;0.1593;0.1609;0.1599;203;0.1951;0.1998
347;3;3x2;2x1;0.1;8;100.1;0.1542;0.1558;0.1547;0.2273;0.2191;0.2246
348;3;3x2;2x2;0.1;8;79.3;0.0444;0.0411;0.0439;0.6872;0.7087;0.6906
349;3;3x3;1x1;0.1;8;172.8;3;0.0029;0.0029;0.9815;0.9812;0.9807
350;3;3x3;1x2;0.1;8;109.2;0.1803;0.1802;0.1804;0.0986;0.0991;0.0981
351;3;3x3;2x1;0.1;8;108.8;0.1551;0.1553;0.1541;0.2241;0.2233;229
352;3;3x3;2x2;0.1;8;85.3;0.0427;0.0403;0.0419;0.6974;719;701
353;3;2x2;1x1;0.1;32;67.0;0.0124;0.0115;0.0118;0.9195;0.9233;0.9228
354;3;2x2;1x2;0.1;32;40.6;0.0285;0.0259;27;0.8097;827;0.8241
355;3;2x2;2x1;0.1;32;40.4;0.0276;0.0248;0.0272;0.8098;0.8314;0.8137
356;3;2x2;2x2;0.1;32;30.1;0.07;0.0684;0.0695;0.4769;0.4949;0.4796
357;3;2x3;1x1;0.1;32;73.7;0.0124;0.0112;0.0115;918;0.9249;0.9239
358;3;2x3;1x2;0.1;32;43.5;0.0526;0.0503;0.0513;0.7099;0.7232;0.7174
359;3;2x3;2x1;0.1;32;46.9;0.0312;0.0275;0.0276;0.8352;0.8552;0.8549
360;3;2x3;2x2;0.1;32;32.8;0.0559;0.0546;0.0554;0.5921;0.6037;0.5978
361;3;3x2;1x1;0.1;32;75.2;0.0068;0.0061;0.0063;0.9573;0.9636;0.9589
362;3;3x2;1x2;0.1;32;44.3;29;0.0256;0.0273;0.7968;0.8244;0.8093
363;3;3x2;2x1;0.1;32;47.0;0.0234;0.0214;0.0224;0.8387;0.8516;0.8454
364;3;3x2;2x2;0.1;32;32.9;0.0515;0.0489;0.0501;0.6481;0.6805;0.6655
365;3;3x3;1x1;0.1;32;99.9;0.0057;0.0052;0.0051;0.9641;0.9682;0.9674
366;3;3x3;1x2;0.1;32;52.1;0.0368;0.0341;36;0.7405;0.7596;0.7416
367;3;3x3;2x1;0.1;32;51.5;0.1215;0.12;0.1217;0.3833;0.3923;0.3824
368;3;3x3;2x2;0.1;32;33.9;0.0496;0.0481;0.0477;0.6461;662;0.6625
369;3;2x2;1x1;0.1;128;51.3;0.0146;0.0131;0.0136;0.9032;0.9115;0.9093
370;3;2x2;1x2;0.1;128;22.8;0.0264;0.0235;0.0248;0.8255;0.8472;0.8366
371;3;2x2;2x1;0.1;128;24.4;0.0759;0.0756;0.0756;0.4052;0.4087;0.4053
372;3;2x2;2x2;0.1;128;18.5;0.0894;0.0892;0.0894;0.1766;0.1926;0.1793
373;3;2x3;1x1;0.1;128;63.9;16;0.0137;0.0146;893;0.9078;0.9019
374;3;2x3;1x2;0.1;128;25.2;0.0832;83;83;0.3251;0.3239;0.3301
375;3;2x3;2x1;0.1;128;25.2;0.0354;0.0337;0.0344;0.7704;0.7871;0.7777
376;3;2x3;2x2;0.1;128;19.5;0.0896;0.0896;0.0895;0.1454;0.1454;0.1489
377;3;3x2;1x1;0.1;128;62.7;0.0186;0.0167;0.0173;0.8754;0.8876;0.8845
378;3;3x2;1x2;0.1;128;25.3;0.0456;0.0434;0.0441;0.7114;0.7371;0.7317
379;3;3x2;2x1;0.1;128;25.0;0.0496;0.0474;0.0481;0.6456;674;0.6569
380;3;3x2;2x2;0.1;128;19.9;85;0.0849;0.0848;0.2965;297;0.3039
381;3;3x3;1x1;0.1;128;82.2;0.0126;0.0111;0.0118;0.9192;0.9273;0.9252
382;3;3x3;1x2;0.1;128;28.7;0.0379;0.0351;0.0366;0.7425;0.7695;0.7577
383;3;3x3;2x1;0.1;128;28.0;0.0664;0.0656;0.0657;0.4786;0.4886;0.4837
384;3;3x3;2x2;0.1;128;19.8;0.0888;0.0888;0.0887;0.2118;0.2008;0.2193
385;3;2x2;1x1;0.01;8;165.5;0.0136;0.0121;0.0125;0.9099;0.9178;0.9174
386;3;2x2;1x2;0.01;8;118.5;0.0221;0.0188;0.0205;0.8527;877;0.8648
387;3;2x2;2x1;0.01;8;118.7;0.0467;0.0449;46;0.6685;0.6888;0.6733
388;3;2x2;2x2;0.01;8;95.0;0.0883;0.0883;0.0884;202;0.2079;0.1983
389;3;2x3;1x1;0.01;8;184.9;0.0127;0.0114;0.0115;0.9166;0.9224;0.9244
390;3;2x3;1x2;0.01;8;130.6;0.0286;0.0255;0.0273;0.8092;0.8333;0.8147
391;3;2x3;2x1;0.01;8;130.4;0.0253;0.0229;0.0242;0.8266;0.8438;0.8317
392;3;2x3;2x2;0.01;8;102.5;0.0892;0.0892;0.0892;0.2227;0.2133;0.2261
393;3;3x2;1x1;0.01;8;190.4;0.0121;11;0.0113;0.9228;0.9313;0.9266
394;3;3x2;1x2;0.01;8;132.3;0.0235;0.0206;0.0219;0.8411;0.8636;0.8548
395;3;3x2;2x1;0.01;8;125.6;0.0803;0.0801;0.0803;0.3275;0.3235;0.3253
396;3;3x2;2x2;0.01;8;98.3;89;0.0889;89;0.2456;0.2626;0.2564
397;3;3x3;1x1;0.01;8;235.7;0.0163;0.0144;0.0151;0.8914;0.9055;0.9028
398;3;3x3;1x2;0.01;8;136.6;0.0265;0.0229;0.0256;0.8164;0.8458;0.8256
399;3;3x3;2x1;0.01;8;136.9;0.0297;0.0271;0.0286;804;0.8274;0.8159
400;3;3x3;2x2;0.01;8;104.7;0.0872;0.0873;0.0871;0.3437;0.3383;0.3488
401;3;2x2;1x1;0.01;32;72.8;0.0174;0.0153;0.0161;0.8873;0.8993;0.8987
402;3;2x2;1x2;0.01;32;46.4;0.0888;0.0887;0.0887;0.2091;0.2214;0.2139
403;3;2x2;2x1;0.01;32;45.4;0.0879;0.0879;0.0879;0.2724;0.2755;0.2721
404;3;2x2;2x2;0.01;32;35.9;0.0902;0.0902;0.0902;0.0741;0.0725;0.0773
405;3;2x3;1x1;0.01;32;84.7;0.0173;0.0151;16;0.8877;902;0.9001
406;3;2x3;1x2;0.01;32;48.7;0.0858;0.0857;0.0858;0.3943;0.4067;0.3929
407;3;2x3;2x1;0.01;32;48.1;88;88;88;0.2789;0.2805;0.2788
408;3;2x3;2x2;0.01;32;37.0;0.0899;0.0899;0.0899;0.1181;0.1213;0.1215
409;3;3x2;1x1;0.01;32;85.8;0.0177;0.0158;0.0164;0.8912;0.9035;0.9017
410;3;3x2;1x2;0.01;32;56.6;0.0886;0.0885;0.0886;0.2224;0.2304;0.2189
411;3;3x2;2x1;0.01;32;55.0;0.0883;0.0883;0.0883;0.2051;0.2089;0.2059
412;3;3x2;2x2;0.01;32;42.6;0.0899;0.0899;0.09;0.1075;0.1116;0.0947
413;3;3x3;1x1;0.01;32;105.8;0.0193;17;0.0181;0.8746;0.8862;0.8874
414;3;3x3;1x2;0.01;32;53.2;77;0.0762;77;0.4165;0.4274;0.4166
415;3;3x3;2x1;0.01;32;52.9;0.0865;0.0864;0.0864;265;0.2699;0.2693
416;3;3x3;2x2;0.01;32;38.5;0.0898;0.0898;0.0898;0.1592;0.1528;0.1636
417;3;2x2;1x1;0.01;128;52.8;0.0886;0.0886;0.0886;0.2511;0.2615;0.2513
418;3;2x2;1x2;0.01;128;24.6;0.0894;0.0894;0.0894;0.1659;0.17;0.1688
419;3;2x2;2x1;0.01;128;25.9;0.0898;0.0898;0.0897;0.0875;0.0927;86
420;3;2x2;2x2;0.01;128;20.1;0.0912;0.0911;0.0913;0.1018;0.1077;0.1009
421;3;2x3;1x1;0.01;128;65.0;83;0.0826;0.0829;0.4848;0.5118;0.4854
422;3;2x3;1x2;0.01;128;27.8;0.0893;0.0892;0.0893;0.2097;0.2255;0.2111
423;3;2x3;2x1;0.01;128;27.4;0.0899;0.0899;0.0899;0.1327;0.1375;135
424;3;2x3;2x2;0.01;128;21.2;0.0903;0.0903;0.0903;0.1317;0.1325;0.1321
425;3;3x2;1x1;0.01;128;66.0;0.0778;0.0773;0.0777;0.4905;0.5122;0.4985
426;3;3x2;1x2;0.01;128;28.6;0.0886;0.0884;0.0885;0.2079;0.2217;0.2116
427;3;3x2;2x1;0.01;128;28.5;0.09;0.09;0.09;0.1495;159;0.1504
428;3;3x2;2x2;0.01;128;21.5;0.0902;0.0902;0.0901;0.1052;0.1108;0.1042
429;3;3x3;1x1;0.01;128;83.5;0.0617;0.0603;0.0609;0.6041;0.6264;627
430;3;3x3;1x2;0.01;128;30.9;0.09;0.0899;0.0899;0.0915;89;0.0934
431;3;3x3;2x1;0.01;128;30.8;0.0897;0.0897;0.0898;0.1372;0.1327;0.1246
432;3;3x3;2x2;0.01;128;21.6;0.0904;0.0905;0.0905;0.0747;0.0695;0.0723
433;4;2x2;1x1;1;8;196.3;0.0037;0.0038;0.0042;0.9771;0.9772;0.9748
434;4;2x2;1x2;1;8;155.0;0.1793;0.1782;0.1794;0.1035;109;0.1028
435;4;2x2;2x1;1;8;143.9;0.0899;0.09;0.0899;0.1143;0.1068;0.1141
436;4;2x2;2x2;1;8;109.5;0.0817;0.0798;0.0812;0.5252;0.5389;0.5274
437;4;2x3;1x1;1;8;227.8;0.0082;0.0082;0.0082;0.9524;0.9529;0.9524
438;4;2x3;1x2;1;8;123.1;0.0118;0.0113;0.0104;0.9334;0.9358;0.9412
439;4;2x3;2x1;1;8;113.7;0.1806;0.1798;0.1805;0.0968;0.1009;0.0974
440;4;2x3;2x2;1;8;120.7;0.0493;0.0462;0.0485;0.6496;0.6772;0.6537
441;4;3x2;1x1;1;8;232.5;0.1773;0.1787;0.1773;0.1136;0.1064;0.1135
442;4;3x2;1x2;1;8;114.3;0.0347;31;0.0334;0.7654;0.7919;0.7753
443;4;3x2;2x1;1;8;141.7;0.1409;0.1403;0.1384;0.2817;0.2842;0.2947
444;4;3x2;2x2;1;8;122.5;0.09;0.09;0.09;0.1136;0.1064;0.1135
445;4;3x3;1x1;1;8;310.4;0.09;0.09;0.09;0.1136;0.1064;0.1135
446;4;3x3;1x2;1;8;170.0;0.18;0.1808;0.1798;0.0998;0.0961;0.1009
447;4;3x3;2x1;1;8;172.8;0.1793;0.1782;0.1794;0.1035;109;0.1028
448;4;3x3;2x2;1;8;130.5;0.1793;0.1782;0.1794;0.1035;109;0.1028
449;4;2x2;1x1;1;32;115.7;0.0027;3;0.0032;0.9826;0.9807;0.9784
450;4;2x2;1x2;1;32;60.1;0.0057;0.0055;0.0053;0.9633;0.9642;0.9632
451;4;2x2;2x1;1;32;54.6;0.1773;0.1787;0.1773;0.1135;0.1064;0.1135
452;4;2x2;2x2;1;32;43.5;0.0226;0.0208;0.0224;0.8473;0.8582;0.8486
453;4;2x3;1x1;1;32;144.5;0.0032;0.0036;0.0038;0.9794;0.9768;0.9748
454;4;2x3;1x2;1;32;62.9;0.0061;0.0057;0.0055;0.9603;0.9631;0.9629
455;4;2x3;2x1;1;32;58.9;0.0114;0.0104;0.0107;0.9241;929;0.9296
456;4;2x3;2x2;1;32;46.7;0.0174;0.0159;0.0165;0.8849;0.8963;0.8943
457;4;3x2;1x1;1;32;145.4;0.0032;0.0034;0.0037;0.9801;0.9786;0.9763
458;4;3x2;1x2;1;32;55.8;0.0054;0.0048;0.0051;0.9652;0.9695;0.9656
459;4;3x2;2x1;1;32;65.3;182;0.1817;0.1822;0.0901;0.0915;0.0892
460;4;3x2;2x2;1;32;47.9;0.0177;0.0168;0.0175;0.8868;0.8946;0.8867
461;4;3x3;1x1;1;32;178.6;0.0028;0.0032;3;0.9824;0.9803;0.9806
462;4;3x3;1x2;1;32;68.4;0.0542;0.0523;0.0544;0.5994;0.6113;0.5974
463;4;3x3;2x1;1;32;65.2;0.0065;0.0059;0.0061;0.9577;0.9615;0.9608
464;4;3x3;2x2;1;32;50.7;0.0156;0.0143;0.0145;0.9035;0.9117;0.9101
465;4;2x2;1x1;1;128;93.8;0.0058;0.0053;0.0053;0.9628;0.9665;0.9654
466;4;2x2;1x2;1;128;32.9;0.0151;0.0141;0.0139;0.8988;0.9045;0.9067
467;4;2x2;2x1;1;128;31.8;0.0185;0.0169;0.0181;0.8764;0.8875;0.8792
468;4;2x2;2x2;1;128;24.2;0.0504;0.0493;0.0501;0.6325;0.6452;0.6345
469;4;2x3;1x1;1;128;118.1;5;5;0.0049;0.9672;0.9664;968
470;4;2x3;1x2;1;128;35.0;0.1619;0.1601;0.1616;0.1896;0.1984;0.1908
471;4;2x3;2x1;1;128;35.6;0.1546;0.1556;0.1545;0.2104;0.2031;0.2104
472;4;2x3;2x2;1;128;25.3;0.0411;39;0.0407;0.7037;0.7156;0.7068
473;4;3x2;1x1;1;128;118.8;0.0046;0.0044;0.0044;0.9713;0.9729;0.9711
474;4;3x2;1x2;1;128;35.2;0.1648;0.1634;0.1659;0.1758;0.1826;0.1703
475;4;3x2;2x1;1;128;35.6;0.0374;0.0368;0.0375;0.7346;0.7363;0.7344
476;4;3x2;2x2;1;128;25.3;0.0408;0.0381;0.0396;0.7037;0.7258;0.7143
477;4;3x3;1x1;1;128;155.0;0.0032;0.0029;0.0029;0.9796;0.9816;0.9818
478;4;3x3;1x2;1;128;41.9;0.1598;0.1592;0.1611;0.1992;0.2023;0.1928
479;4;3x3;2x1;1;128;41.3;0.1806;0.1798;0.1805;0.0968;0.1009;0.0974
480;4;3x3;2x2;1;128;27.2;0.0561;0.0543;0.0557;0.6094;0.6288;618
481;4;2x2;1x1;0.1;8;211.4;0.0033;0.0038;0.0038;0.9787;0.9761;0.9743
482;4;2x2;1x2;0.1;8;135.0;0.0096;0.0086;0.0092;0.9373;0.9421;0.9406
483;4;2x2;2x1;0.1;8;151.7;0.0129;0.0115;0.0123;0.9139;0.9245;0.9182
484;4;2x2;2x2;0.1;8;127.4;0.0485;0.0468;0.0474;0.6318;0.6508;0.6468
485;4;2x3;1x1;0.1;8;241.2;0.0032;0.0031;0.0032;0.9797;0.98;0.9784
486;4;2x3;1x2;0.1;8;131.5;0.0093;0.0089;0.0089;0.9392;0.9421;0.9408
487;4;2x3;2x1;0.1;8;127.4;0.0106;0.0093;0.0101;0.9298;0.9375;0.9315
488;4;2x3;2x2;0.1;8;146.4;0.0838;0.0832;0.0837;0.2496;0.2495;0.2568
489;4;3x2;1x1;0.1;8;247.0;0.0035;0.0037;0.0035;0.9778;976;0.9771
490;4;3x2;1x2;0.1;8;145.7;0.0068;0.0064;0.0066;0.9558;0.9565;0.9569
491;4;3x2;2x1;0.1;8;150.1;0.0095;0.0086;0.0096;0.9374;0.9433;936
492;4;3x2;2x2;0.1;8;142.5;0.0738;0.0737;0.0735;347;0.3466;0.3522
493;4;3x3;1x1;0.1;8;288.0;3;3;0.0027;0.9809;0.9808;0.9818
494;4;3x3;1x2;0.1;8;199.4;0.0045;0.0042;0.0042;0.9709;0.9728;0.9719
495;4;3x3;2x1;0.1;8;153.3;0.0068;0.0063;0.0065;0.9553;0.9588;0.9561
496;4;3x3;2x2;0.1;8;151.4;0.0215;0.0202;0.0202;0.8619;0.8693;0.8701
497;4;2x2;1x1;0.1;32;121.5;8;0.0072;0.0072;0.9493;0.9558;0.9534
498;4;2x2;1x2;0.1;32;65.2;0.0192;0.0172;0.0182;0.8742;0.8897;0.8789
499;4;2x2;2x1;0.1;32;65.5;0.0388;0.0363;0.0371;0.7258;0.7489;0.7449
500;4;2x2;2x2;0.1;32;52.3;0.0884;0.0883;0.0884;0.2775;0.2773;0.2775
501;4;2x3;1x1;0.1;32;146.6;0.0055;5;0.0053;0.9642;0.9675;0.9652
502;4;2x3;1x2;0.1;32;60.5;0.0181;0.0164;0.0167;0.8787;0.8902;889
503;4;2x3;2x1;0.1;32;60.1;22;0.0205;0.0206;0.8523;0.8616;0.8615
504;4;2x3;2x2;0.1;32;55.1;0.0876;0.0875;0.0875;0.2715;0.2778;0.2694
505;4;3x2;1x1;0.1;32;149.2;0.0065;0.0059;0.0059;0.9576;0.9616;0.9613
506;4;3x2;1x2;0.1;32;60.2;0.0179;0.0158;0.0165;0.8829;0.8945;0.8917
507;4;3x2;2x1;0.1;32;69.3;0.0293;26;0.0284;0.7986;0.8205;0.8055
508;4;3x2;2x2;0.1;32;54.9;0.0891;89;89;0.2544;0.2514;0.2499
509;4;3x3;1x1;0.1;32;183.3;0.0051;0.0047;0.0048;0.9674;0.9696;0.9675
510;4;3x3;1x2;0.1;32;68.9;0.0134;0.0128;0.0125;0.9121;0.9171;0.9175
511;4;3x3;2x1;0.1;32;66.5;0.0124;0.0112;0.0116;0.9174;0.9253;0.9218
512;4;3x3;2x2;0.1;32;56.4;0.0898;0.0898;0.0898;168;0.1627;165
513;4;2x2;1x1;0.1;128;97.4;17;15;0.0157;0.8858;0.8981;0.8951
514;4;2x2;1x2;0.1;128;35.3;0.0897;0.0897;0.0897;0.1878;0.1878;0.1892
515;4;2x2;2x1;0.1;128;35.4;0.0865;0.0864;0.0866;0.2953;299;0.2929
516;4;2x2;2x2;0.1;128;26.5;0.0896;0.0896;0.0896;159;0.1579;164
517;4;2x3;1x1;0.1;128;121.0;0.0189;0.0167;0.0175;0.8755;0.8917;0.8835
518;4;2x3;1x2;0.1;128;37.7;0.0899;0.0899;0.0899;0.1299;0.1257;0.1296
519;4;2x3;2x1;0.1;128;37.9;0.0894;0.0894;0.0894;0.2371;0.2398;0.2362
520;4;2x3;2x2;0.1;128;27.9;0.0899;0.0899;0.0899;0.1747;171;0.1776
521;4;3x2;1x1;0.1;128;122.1;0.0154;0.0138;0.0145;0.8993;0.9112;904
522;4;3x2;1x2;0.1;128;40.2;0.0896;0.0896;0.0896;0.1877;0.1891;0.1878
523;4;3x2;2x1;0.1;128;37.4;89;89;89;0.2572;0.2668;0.2649
524;4;3x2;2x2;0.1;128;28.1;0.09;0.09;0.09;0.1714;0.1669;0.1747
525;4;3x3;1x1;0.1;128;158.8;0.0066;0.0058;0.0059;0.9576;0.9615;0.9609
526;4;3x3;1x2;0.1;128;45.0;0.0889;0.0889;0.0889;0.2352;0.2403;0.2436
527;4;3x3;2x1;0.1;128;44.3;0.0893;0.0892;0.0892;0.2146;224;0.2177
528;4;3x3;2x2;0.1;128;30.7;0.09;0.09;0.09;0.1567;0.1568;155
529;4;2x2;1x1;0.01;8;222.3;0.0126;0.0114;0.0116;0.9171;0.9261;924
530;4;2x2;1x2;0.01;8;171.2;0.0894;0.0894;0.0894;148;0.1482;152
531;4;2x2;2x1;0.01;8;131.1;0.0893;0.0893;0.0893;247;0.2471;0.2507
532;4;2x2;2x2;0.01;8;149.4;0.0895;0.0895;0.0895;134;0.1265;132
533;4;2x3;1x1;0.01;8;257.5;0.0127;0.0114;0.0116;0.9179;0.9257;0.9247
534;4;2x3;1x2;0.01;8;172.5;0.09;0.09;0.09;0.1416;0.1398;0.1461
535;4;2x3;2x1;0.01;8;141.9;0.0886;0.0886;0.0886;0.2705;0.2664;0.2784
536;4;2x3;2x2;0.01;8;161.9;0.09;0.09;0.09;0.1307;0.1264;0.1317
537;4;3x2;1x1;0.01;8;260.5;0.0133;0.0123;0.0125;0.9124;0.9194;0.9171
538;4;3x2;1x2;0.01;8;148.8;0.0478;0.0455;0.0467;0.6482;0.6764;0.6582
539;4;3x2;2x1;0.01;8;154.3;0.0412;0.0379;0.0398;0.7038;0.7268;0.7141
540;4;3x2;2x2;0.01;8;163.0;0.0898;0.0898;0.0898;0.1769;0.1763;0.1823
541;4;3x3;1x1;0.01;8;305.3;0.0094;0.0085;0.0085;0.9394;0.9444;0.9454
542;4;3x3;1x2;0.01;8;209.6;45;0.0415;0.0436;0.7046;0.7355;0.7148
543;4;3x3;2x1;0.01;8;213.3;0.0352;0.0327;0.0338;0.7567;0.7752;0.7682
544;4;3x3;2x2;0.01;8;170.2;0.0899;0.0899;0.0899;0.1617;0.1534;0.1646
545;4;2x2;1x1;0.01;32;127.4;0.0186;0.0163;0.0172;0.8805;0.8947;0.8929
546;4;2x2;1x2;0.01;32;58.5;0.0899;0.0899;0.0899;0.12;0.1193;121
547;4;2x2;2x1;0.01;32;70.1;0.09;0.09;0.09;0.0882;0.0911;0.0912
548;4;2x2;2x2;0.01;32;57.9;0.0898;0.0898;0.0898;0.1137;0.1132;0.1134
549;4;2x3;1x1;0.01;32;153.1;0.0192;0.0165;0.0183;0.8685;0.8912;875
550;4;2x3;1x2;0.01;32;74.7;0.0898;0.0898;0.0898;0.1811;0.1759;0.1849
551;4;2x3;2x1;0.01;32;62.2;0.0895;0.0895;0.0895;0.1776;182;0.1818
552;4;2x3;2x2;0.01;32;59.5;0.09;0.09;0.0899;0.1359;0.1305;0.1364
553;4;3x2;1x1;0.01;32;153.4;0.0159;0.0146;0.0149;0.8939;0.9011;0.9015
554;4;3x2;1x2;0.01;32;74.3;0.0897;0.0897;0.0897;0.1214;0.1183;0.1192
555;4;3x2;2x1;0.01;32;73.3;0.0898;0.0898;0.0898;0.15;0.1439;0.1589
556;4;3x2;2x2;0.01;32;59.0;0.09;0.09;0.09;0.1901;0.1907;0.1898
557;4;3x3;1x1;0.01;32;191.6;0.0179;0.0156;0.0168;0.8796;0.8971;0.8876
558;4;3x3;1x2;0.01;32;89.5;0.0897;0.0897;0.0897;0.1272;0.1319;0.13
559;4;3x3;2x1;0.01;32;81.0;0.0899;0.0899;0.0899;0.1189;0.1298;0.1238
560;4;3x3;2x2;0.01;32;62.8;0.0899;0.0899;0.0899;0.1768;0.1754;0.1831
561;4;2x2;1x1;0.01;128;99.7;0.0897;0.0897;0.0897;0.1546;0.1623;0.1569
562;4;2x2;1x2;0.01;128;39.7;0.09;0.09;0.09;0.0968;0.1009;0.0974
563;4;2x2;2x1;0.01;128;39.9;0.0899;0.0899;0.0899;0.1066;0.1052;0.1087
564;4;2x2;2x2;0.01;128;30.0;0.09;0.09;0.09;0.1365;0.1418;0.1293
565;4;2x3;1x1;0.01;128;124.1;89;89;89;0.3272;339;0.3234
566;4;2x3;1x2;0.01;128;40.5;0.09;0.09;0.09;0.0944;93;0.0986
567;4;2x3;2x1;0.01;128;41.5;0.0899;0.0899;0.0899;0.1222;0.1228;0.1166
568;4;2x3;2x2;0.01;128;32.3;0.09;0.09;0.09;0.1144;0.1103;0.1187
569;4;3x2;1x1;0.01;128;124.7;0.0545;53;0.0534;0.6682;0.6983;0.6769
570;4;3x2;1x2;0.01;128;40.4;0.09;0.09;0.09;0.1382;0.1466;0.1353
571;4;3x2;2x1;0.01;128;40.7;0.09;0.09;0.09;0.1823;0.1814;0.1813
572;4;3x2;2x2;0.01;128;31.1;0.09;0.09;0.09;0.1043;0.1051;0.1035
573;4;3x3;1x1;0.01;128;162.5;0.0858;0.0855;0.0857;0.3392;0.3579;0.3391
574;4;3x3;1x2;0.01;128;47.4;0.0899;0.0899;0.0899;122;125;0.1222
575;4;3x3;2x1;0.01;128;46.7;0.0899;0.09;0.09;0.1219;0.1277;0.1173
576;4;3x3;2x2;0.01;128;33.3;0.09;0.09;0.09;0.1097;107;0.1077