Ziffer-Index;Falsch erkannt von
0;108
1;124
2;33
3;113
4;121
5;33
6;128
7;131
8;141
9;125
10;109
11;118
12;120
13;110
14;32
15;135
16;126
17;107
18;131
19;125
20;123
21;118
22;126
23;132
24;123
25;109
26;111
27;121
28;113
29;32
30;127
31;37
32;118
33;133
34;114
35;118
36;112
37;35
38;130
39;34
40;35
41;110
42;126
43;129
44;133
45;135
46;47
47;120
48;129
49;120
50;117
51;122
52;134
53;135
54;118
55;121
56;121
57;34
58;125
59;140
60;115
61;130
62;127
63;123
64;120
65;128
66;124
67;127
68;122
69;112
70;107
71;110
72;122
73;129
74;37
75;115
76;120
77;123
78;126
79;112
80;119
81;116
82;118
83;112
84;127
85;123
86;110
87;123
88;116
89;32
90;119
91;117
92;136
93;126
94;42
95;136
96;45
97;131
98;119
99;123
100;117
101;108
102;135
103;123
104;132
105;124
106;123
107;38
108;124
109;127
110;124
111;117
112;127
113;121
114;123
115;129
116;127
117;123
118;125
119;124
120;134
121;134
122;116
123;118
124;114
125;126
126;114
127;134
128;121
129;133
130;116
131;117
132;133
133;127
134;121
135;34
136;117
137;35
138;117
139;136
140;118
141;112
142;115
143;33
144;120
145;31
146;122
147;120
148;113
149;129
150;125
151;133
152;136
153;133
154;31
155;133
156;116
157;119
158;126
159;128
160;127
161;118
162;133
163;127
164;121
165;135
166;126
167;134
168;31
169;126
170;123
171;128
172;126
173;124
174;122
175;120
176;33
177;122
178;32
179;124
180;34
181;125
182;135
183;107
184;133
185;133
186;124
187;134
188;108
189;40
190;37
191;45
192;114
193;123
194;111
195;134
196;32
197;117
198;127
199;123
200;129
201;115
202;37
203;33
204;33
205;128
206;124
207;135
208;119
209;122
210;128
211;137
212;124
213;133
214;121
215;117
216;119
217;124
218;139
219;134
220;113
221;125
222;131
223;111
224;37
225;122
226;125
227;127
228;33
229;112
230;124
231;124
232;126
233;128
234;112
235;121
236;124
237;121
238;121
239;31
240;133
241;140
242;123
243;119
244;131
245;134
246;112
247;142
248;121
249;127
250;132
251;34
252;122
253;133
254;110
255;114
256;127
257;125
258;121
259;124
260;123
261;140
262;111
263;107
264;126
265;35
266;128
267;35
268;133
269;120
270;116
271;114
272;33
273;123
274;122
275;125
276;32
277;120
278;123
279;31
280;122
281;123
282;121
283;137
284;128
285;125
286;117
287;128
288;35
289;135
290;136
291;121
292;121
293;128
294;111
295;127
296;108
297;109
298;120
299;121
300;138
301;128
302;32
303;122
304;128
305;111
306;120
307;118
308;129
309;126
310;121
311;110
312;111
313;130
314;32
315;124
316;117
317;132
318;129
319;133
320;134
321;140
322;122
323;122
324;126
325;131
326;131
327;110
328;118
329;33
330;31
331;128
332;33
333;136
334;119
335;124
336;125
337;109
338;133
339;119
340;143
341;132
342;35
343;120
344;125
345;35
346;126
347;134
348;32
349;128
350;37
351;134
352;137
353;118
354;34
355;122
356;134
357;32
358;122
359;125
360;126
361;115
362;134
363;128
364;132
365;120
366;116
367;135
368;117
369;120
370;112
371;125
372;118
373;124
374;124
375;133
376;131
377;35
378;34
379;123
380;112
381;129
382;120
383;107
384;118
385;35
386;120
387;129
388;35
389;124
390;124
391;121
392;116
393;34
394;129
395;133
396;119
397;133
398;122
399;128
400;128
401;124
402;126
403;127
404;129
405;127
406;137
407;110
408;121
409;37
410;111
411;110
412;138
413;106
414;121
415;108
416;34
417;121
418;120
419;31
420;127
421;126
422;123
423;122
424;109
425;122
426;122
427;32
428;131
429;126
430;33
431;130
432;127
433;134
434;124
435;134
436;123
437;120
438;107
439;116
440;109
441;116
442;122
443;133
444;127
445;135
446;118
447;139
448;136
449;131
450;126
451;121
452;125
453;127
454;126
455;32
456;130
457;120
458;120
459;111
460;139
461;119
462;121
463;117
464;131
465;124
466;120
467;124
468;129
469;134
470;121
471;130
472;118
473;33
474;125
475;126
476;35
477;122
478;134
479;136
480;33
481;121
482;114
483;139
484;124
485;116
486;128
487;123
488;127
489;32
490;123
491;134
492;121
493;121
494;108
495;135
496;120
497;128
498;121
499;119
500;118
501;128
502;140
503;121
504;34
505;124
506;36
507;130
508;124
509;135
510;122
511;134
512;124
513;121
514;123
515;126
516;121
517;115
518;132
519;129
520;131
521;122
522;123
523;38
524;128
525;109
526;119
527;133
528;131
529;32
530;126
531;134
532;129
533;122
534;117
535;121
536;127
537;32
538;129
539;124
540;133
541;123
542;137
543;141
544;125
545;115
546;109
547;127
548;125
549;124
550;116
551;126
552;130
553;138
554;108
555;127
556;123
557;117
558;122
559;121
560;124
561;115
562;123
563;125
564;116
565;136
566;121
567;124
568;117
569;132
570;135
571;132
572;122
573;119
574;123
575;122
576;122
577;131
578;125
579;110
580;118
581;112
582;141
583;133
584;34
585;111
586;110
587;116
588;136
589;124
590;117
591;131
592;109
593;126
594;117
595;118
596;125
597;119
598;123
599;121
600;116
601;126
602;118
603;124
604;134
605;115
606;125
607;116
608;107
609;127
610;130
611;109
612;127
613;137
614;131
615;41
616;125
617;128
618;136
619;58
620;110
621;122
622;123
623;116
624;129
625;120
626;109
627;127
628;134
629;129
630;128
631;126
632;126
633;120
634;125
635;123
636;111
637;128
638;139
639;121
640;34
641;127
642;112
643;120
644;110
645;135
646;138
647;33
648;116
649;111
650;116
651;110
652;35
653;125
654;137
655;125
656;110
657;119
658;111
659;140
660;123
661;132
662;124
663;32
664;124
665;118
666;108
667;123
668;128
669;125
670;130
671;131
672;34
673;129
674;136
675;33
676;109
677;128
678;123
679;113
680;115
681;120
682;31
683;124
684;133
685;133
686;122
687;120
688;122
689;125
690;125
691;141
692;139
693;124
694;137
695;35
696;33
697;121
698;129
699;132
700;38
701;108
702;112
703;116
704;114
705;109
706;126
707;136
708;128
709;120
710;135
711;132
712;129
713;111
714;132
715;120
716;43
717;132
718;122
719;123
720;141
721;112
722;122
723;118
724;115
725;35
726;127
727;121
728;128
729;119
730;112
731;120
732;119
733;125
734;126
735;32
736;121
737;121
738;129
739;134
740;135
741;134
742;110
743;117
744;126
745;35
746;112
747;121
748;128
749;34
750;108
751;135
752;131
753;121
754;34
755;33
756;110
757;127
758;123
759;127
760;133
761;119
762;124
763;117
764;120
765;123
766;136
767;36
768;34
769;115
770;122
771;118
772;33
773;122
774;125
775;127
776;126
777;35
778;134
779;139
780;125
781;136
782;122
783;33
784;123
785;133
786;119
787;131
788;127
789;124
790;35
791;141
792;117
793;121
794;110
795;132
796;122
797;137
798;34
799;118
800;129
801;123
802;123
803;126
804;117
805;122
806;129
807;115
808;120
809;35
810;123
811;119
812;133
813;126
814;117
815;119
816;123
817;119
818;33
819;124
820;117
821;113
822;110
823;127
824;32
825;109
826;33
827;132
828;124
829;136
830;129
831;33
832;114
833;120
834;120
835;32
836;33
837;126
838;123
839;134
840;35
841;125
842;112
843;123
844;137
845;113
846;119
847;120
848;35
849;123
850;33
851;114
852;109
853;114
854;111
855;122
856;133
857;140
858;121
859;111
860;118
861;117
862;124
863;123
864;125
865;121
866;134
867;125
868;127
869;134
870;120
871;109
872;125
873;120
874;125
875;125
876;131
877;138
878;127
879;123
880;117
881;136
882;135
883;128
884;117
885;119
886;118
887;123
888;118
889;31
890;127
891;120
892;124
893;124
894;131
895;114
896;112
897;134
898;130
899;125
900;37
901;123
902;133
903;118
904;111
905;122
906;120
907;33
908;123
909;124
910;127
911;108
912;119
913;129
914;122
915;128
916;132
917;112
918;32
919;127
920;35
921;119
922;123
923;117
924;132
925;116
926;136
927;123
928;123
929;36
930;127
931;124
932;111
933;123
934;138
935;134
936;124
937;118
938;125
939;134
940;118
941;106
942;116
943;120
944;131
945;121
946;112
947;129
948;31
949;31
950;126
951;143
952;125
953;125
954;120
955;134
956;58
957;122
958;127
959;131
960;115
961;120
962;128
963;33
964;32
965;137
966;124
967;33
968;126
969;130
970;135
971;122
972;110
973;117
974;120
975;125
976;122
977;35
978;135
979;33
980;122
981;109
982;130
983;124
984;31
985;122
986;116
987;112
988;33
989;123
990;130
991;124
992;126
993;117
994;43
995;123
996;119
997;109
998;132
999;127
1000;123
1001;116
1002;126
1003;136
1004;36
1005;122
1006;114
1007;121
1008;31
1009;109
1010;133
1011;34
1012;119
1013;122
1014;133
1015;127
1016;119
1017;119
1018;123
1019;36
1020;117
1021;120
1022;135
1023;123
1024;132
1025;32
1026;123
1027;34
1028;122
1029;123
1030;33
1031;121
1032;138
1033;132
1034;112
1035;117
1036;127
1037;35
1038;34
1039;136
1040;34
1041;132
1042;124
1043;127
1044;117
1045;124
1046;136
1047;112
1048;125
1049;122
1050;135
1051;122
1052;124
1053;122
1054;36
1055;115
1056;124
1057;127
1058;123
1059;125
1060;123
1061;110
1062;133
1063;123
1064;119
1065;126
1066;130
1067;120
1068;133
1069;124
1070;133
1071;110
1072;129
1073;135
1074;127
1075;36
1076;121
1077;128
1078;126
1079;122
1080;124
1081;124
1082;141
1083;31
1084;108
1085;116
1086;125
1087;137
1088;124
1089;135
1090;129
1091;123
1092;128
1093;123
1094;121
1095;122
1096;120
1097;35
1098;123
1099;120
1100;109
1101;137
1102;134
1103;126
1104;110
1105;123
1106;116
1107;142
1108;117
1109;126
1110;110
1111;128
1112;142
1113;133
1114;133
1115;136
1116;126
1117;118
1118;130
1119;132
1120;122
1121;129
1122;118
1123;116
1124;130
1125;141
1126;108
1127;131
1128;125
1129;34
1130;127
1131;135
1132;125
1133;112
1134;121
1135;137
1136;35
1137;32
1138;125
1139;32
1140;125
1141;114
1142;127
1143;129
1144;133
1145;129
1146;134
1147;125
1148;109
1149;127
1150;118
1151;119
1152;128
1153;126
1154;115
1155;124
1156;130
1157;133
1158;120
1159;136
1160;125
1161;119
1162;122
1163;125
1164;119
1165;122
1166;127
1167;130
1168;133
1169;136
1170;127
1171;110
1172;120
1173;115
1174;118
1175;108
1176;114
1177;125
1178;139
1179;34
1180;33
1181;133
1182;131
1183;122
1184;122
1185;121
1186;114
1187;126
1188;114
1189;35
1190;136
1191;124
1192;131
1193;33
1194;130
1195;112
1196;117
1197;132
1198;141
1199;116
1200;129
1201;34
1202;132
1203;108
1204;131
1205;123
1206;124
1207;123
1208;134
1209;120
1210;117
1211;37
1212;123
1213;35
1214;33
1215;126
1216;119
1217;126
1218;107
1219;127
1220;111
1221;134
1222;122
1223;118
1224;135
1225;122
1226;134
1227;127
1228;132
1229;124
1230;123
1231;111
1232;139
1233;135
1234;127
1235;134
1236;33
1237;123
1238;32
1239;120
1240;37
1241;118
1242;133
1243;137
1244;110
1245;121
1246;110
1247;142
1248;130
1249;122
1250;123
1251;131
1252;136
1253;125
1254;35
1255;120
1256;130
1257;33
1258;135
1259;129
1260;134
1261;111
1262;125
1263;130
1264;125
1265;120
1266;122
1267;132
1268;123
1269;131
1270;139
1271;112
1272;137
1273;130
1274;126
1275;126
1276;125
1277;126
1278;115
1279;128
1280;35
1281;141
1282;123
1283;131
1284;115
1285;133
1286;124
1287;124
1288;122
1289;138
1290;126
1291;128
1292;126
1293;118
1294;111
1295;33
1296;118
1297;110
1298;128
1299;144
1300;125
1301;125
1302;36
1303;127
1304;124
1305;37
1306;122
1307;118
1308;132
1309;126
1310;131
1311;131
1312;123
1313;124
1314;125
1315;124
1316;33
1317;127
1318;36
1319;135
1320;127
1321;111
1322;122
1323;122
1324;125
1325;133
1326;130
1327;126
1328;133
1329;35
1330;132
1331;136
1332;117
1333;108
1334;134
1335;121
1336;125
1337;136
1338;33
1339;136
1340;135
1341;123
1342;121
1343;126
1344;120
1345;125
1346;109
1347;113
1348;125
1349;124
1350;32
1351;34
1352;130
1353;127
1354;125
1355;125
1356;133
1357;123
1358;34
1359;107
1360;31
1361;108
1362;121
1363;121
1364;139
1365;124
1366;117
1367;116
1368;35
1369;105
1370;134
1371;124
1372;118
1373;117
1374;124
1375;129
1376;136
1377;118
1378;141
1379;110
1380;125
1381;120
1382;121
1383;123
1384;130
1385;125
1386;111
1387;115
1388;127
1389;120
1390;108
1391;127
1392;30
1393;138
1394;129
1395;129
1396;121
1397;38
1398;123
1399;111
1400;117
1401;109
1402;125
1403;37
1404;130
1405;137
1406;136
1407;119
1408;111
1409;133
1410;131
1411;122
1412;127
1413;126
1414;126
1415;133
1416;114
1417;121
1418;123
1419;123
1420;116
1421;133
1422;126
1423;125
1424;36
1425;123
1426;121
1427;124
1428;120
1429;133
1430;32
1431;131
1432;123
1433;133
1434;34
1435;121
1436;127
1437;124
1438;113
1439;124
1440;132
1441;133
1442;121
1443;123
1444;131
1445;108
1446;124
1447;140
1448;34
1449;124
1450;123
1451;125
1452;120
1453;129
1454;114
1455;122
1456;116
1457;109
1458;129
1459;125
1460;133
1461;123
1462;130
1463;121
1464;131
1465;140
1466;136
1467;138
1468;123
1469;126
1470;126
1471;133
1472;128
1473;136
1474;128
1475;117
1476;134
1477;121
1478;122
1479;115
1480;121
1481;125
1482;117
1483;33
1484;35
1485;120
1486;120
1487;109
1488;125
1489;120
1490;124
1491;115
1492;124
1493;136
1494;123
1495;129
1496;118
1497;118
1498;109
1499;124
1500;132
1501;133
1502;129
1503;120
1504;112
1505;114
1506;122
1507;111
1508;125
1509;132
1510;134
1511;127
1512;122
1513;119
1514;122
1515;37
1516;125
1517;108
1518;122
1519;120
1520;133
1521;133
1522;124
1523;130
1524;119
1525;135
1526;113
1527;53
1528;35
1529;125
1530;133
1531;121
1532;122
1533;115
1534;117
1535;113
1536;118
1537;116
1538;121
1539;123
1540;110
1541;124
1542;122
1543;118
1544;109
1545;132
1546;131
1547;127
1548;35
1549;141
1550;136
1551;129
1552;127
1553;142
1554;126
1555;33
1556;125
1557;125
1558;125
1559;135
1560;120
1561;122
1562;130
1563;105
1564;109
1565;115
1566;119
1567;124
1568;120
1569;132
1570;118
1571;129
1572;121
1573;128
1574;119
1575;129
1576;113
1577;115
1578;116
1579;121
1580;125
1581;127
1582;33
1583;128
1584;130
1585;119
1586;128
1587;120
1588;117
1589;107
1590;114
1591;125
1592;115
1593;123
1594;124
1595;110
1596;124
1597;128
1598;133
1599;128
1600;118
1601;122
1602;117
1603;34
1604;122
1605;118
1606;111
1607;131
1608;122
1609;127
1610;114
1611;133
1612;120
1613;124
1614;133
1615;117
1616;130
1617;127
1618;138
1619;120
1620;123
1621;126
1622;124
1623;109
1624;110
1625;125
1626;123
1627;137
1628;121
1629;134
1630;33
1631;123
1632;116
1633;32
1634;136
1635;137
1636;126
1637;138
1638;114
1639;134
1640;129
1641;137
1642;134
1643;32
1644;128
1645;125
1646;34
1647;122
1648;126
1649;126
1650;108
1651;122
1652;124
1653;134
1654;132
1655;131
1656;120
1657;34
1658;127
1659;34
1660;121
1661;122
1662;116
1663;125
1664;126
1665;123
1666;122
1667;36
1668;124
1669;130
1670;134
1671;125
1672;136
1673;37
1674;35
1675;123
1676;124
1677;132
1678;131
1679;126
1680;124
1681;138
1682;123
1683;119
1684;141
1685;116
1686;134
1687;125
1688;119
1689;133
1690;126
1691;51
1692;109
1693;134
1694;129
1695;124
1696;129
1697;121
1698;118
1699;109
1700;112
1701;127
1702;123
1703;111
1704;36
1705;111
1706;125
1707;36
1708;108
1709;134
1710;106
1711;122
1712;109
1713;111
1714;122
1715;35
1716;128
1717;136
1718;126
1719;122
1720;122
1721;125
1722;133
1723;109
1724;121
1725;123
1726;108
1727;131
1728;31
1729;35
1730;125
1731;118
1732;134
1733;117
1734;109
1735;128
1736;33
1737;137
1738;120
1739;113
1740;128
1741;116
1742;122
1743;126
1744;116
1745;122
1746;124
1747;139
1748;119
1749;128
1750;125
1751;128
1752;134
1753;31
1754;133
1755;135
1756;121
1757;118
1758;130
1759;132
1760;38
1761;140
1762;123
1763;126
1764;112
1765;124
1766;34
1767;129
1768;112
1769;119
1770;112
1771;127
1772;133
1773;36
1774;124
1775;117
1776;112
1777;109
1778;123
1779;123
1780;33
1781;128
1782;136
1783;113
1784;107
1785;46
1786;127
1787;117
1788;124
1789;129
1790;137
1791;33
1792;113
1793;130
1794;117
1795;122
1796;111
1797;120
1798;124
1799;106
1800;119
1801;135
1802;129
1803;119
1804;120
1805;111
1806;116
1807;110
1808;117
1809;116
1810;134
1811;129
1812;122
1813;135
1814;107
1815;119
1816;128
1817;120
1818;119
1819;120
1820;34
1821;125
1822;121
1823;135
1824;125
1825;122
1826;109
1827;124
1828;130
1829;34
1830;35
1831;117
1832;123
1833;136
1834;35
1835;33
1836;36
1837;124
1838;37
1839;133
1840;120
1841;115
1842;122
1843;117
1844;34
1845;119
1846;135
1847;142
1848;110
1849;127
1850;137
1851;124
1852;117
1853;121
1854;117
1855;138
1856;119
1857;122
1858;116
1859;122
1860;135
1861;37
1862;125
1863;120
1864;123
1865;135
1866;132
1867;34
1868;53
1869;123
1870;109
1871;130
1872;123
1873;119
1874;136
1875;117
1876;34
1877;125
1878;132
1879;135
1880;127
1881;124
1882;128
1883;125
1884;36
1885;36
1886;119
1887;111
1888;120
1889;120
1890;120
1891;123
1892;112
1893;123
1894;126
1895;124
1896;135
1897;34
1898;114
1899;136
1900;59
1901;138
1902;131
1903;127
1904;123
1905;117
1906;124
1907;115
1908;119
1909;36
1910;134
1911;136
1912;127
1913;130
1914;123
1915;128
1916;116
1917;135
1918;115
1919;108
1920;128
1921;117
1922;33
1923;118
1924;123
1925;111
1926;127
1927;125
1928;126
1929;126
1930;125
1931;134
1932;121
1933;117
1934;31
1935;109
1936;126
1937;117
1938;131
1939;34
1940;142
1941;134
1942;130
1943;119
1944;109
1945;34
1946;124
1947;124
1948;139
1949;113
1950;112
1951;116
1952;134
1953;123
1954;137
1955;131
1956;130
1957;118
1958;124
1959;118
1960;121
1961;126
1962;120
1963;124
1964;122
1965;128
1966;109
1967;134
1968;129
1969;119
1970;136
1971;117
1972;109
1973;128
1974;117
1975;106
1976;123
1977;119
1978;128
1979;123
1980;123
1981;129
1982;132
1983;126
1984;130
1985;125
1986;34
1987;112
1988;35
1989;130
1990;116
1991;123
1992;122
1993;42
1994;35
1995;110
1996;118
1997;122
1998;122
1999;139
2000;117
2001;138
2002;117
2003;136
2004;134
2005;128
2006;118
2007;127
2008;123
2009;131
2010;33
2011;127
2012;123
2013;32
2014;122
2015;32
2016;134
2017;35
2018;41
2019;119
2020;118
2021;136
2022;123
2023;112
2024;129
2025;132
2026;116
2027;34
2028;116
2029;137
2030;134
2031;119
2032;122
2033;113
2034;31
2035;141
2036;111
2037;135
2038;129
2039;122
2040;139
2041;32
2042;110
2043;135
2044;131
2045;120
2046;126
2047;119
2048;122
2049;126
2050;123
2051;33
2052;138
2053;139
2054;124
2055;126
2056;122
2057;123
2058;128
2059;114
2060;116
2061;116
2062;116
2063;126
2064;135
2065;125
2066;116
2067;118
2068;133
2069;118
2070;131
2071;38
2072;116
2073;139
2074;124
2075;124
2076;117
2077;136
2078;132
2079;118
2080;129
2081;115
2082;127
2083;121
2084;124
2085;126
2086;123
2087;111
2088;119
2089;122
2090;131
2091;113
2092;124
2093;139
2094;130
2095;119
2096;107
2097;117
2098;136
2099;140
2100;134
2101;122
2102;124
2103;135
2104;116
2105;125
2106;111
2107;135
2108;124
2109;133
2110;122
2111;121
2112;123
2113;134
2114;134
2115;128
2116;121
2117;126
2118;138
2119;123
2120;129
2121;131
2122;121
2123;112
2124;122
2125;139
2126;119
2127;108
2128;114
2129;142
2130;140
2131;121
2132;110
2133;123
2134;135
2135;139
2136;38
2137;34
2138;127
2139;119
2140;123
2141;110
2142;130
2143;109
2144;122
2145;134
2146;122
2147;121
2148;132
2149;124
2150;116
2151;124
2152;125
2153;124
2154;32
2155;110
2156;116
2157;122
2158;124
2159;135
2160;117
2161;122
2162;142
2163;122
2164;32
2165;120
2166;40
2167;110
2168;136
2169;124
2170;118
2171;31
2172;119
2173;123
2174;127
2175;33
2176;121
2177;130
2178;110
2179;132
2180;134
2181;127
2182;68
2183;126
2184;119
2185;137
2186;131
2187;106
2188;115
2189;137
2190;116
2191;121
2192;132
2193;122
2194;114
2195;121
2196;122
2197;137
2198;132
2199;117
2200;126
2201;125
2202;128
2203;129
2204;116
2205;131
2206;125
2207;133
2208;124
2209;117
2210;119
2211;120
2212;124
2213;122
2214;134
2215;123
2216;123
2217;109
2218;126
2219;122
2220;108
2221;38
2222;122
2223;129
2224;137
2225;129
2226;114
2227;127
2228;33
2229;118
2230;117
2231;118
2232;124
2233;133
2234;110
2235;34
2236;108
2237;142
2238;111
2239;34
2240;113
2241;132
2242;125
2243;111
2244;122
2245;34
2246;127
2247;134
2248;123
2249;121
2250;128
2251;126
2252;111
2253;131
2254;125
2255;124
2256;123
2257;121
2258;36
2259;128
2260;121
2261;35
2262;108
2263;131
2264;128
2265;127
2266;61
2267;117
2268;114
2269;132
2270;109
2271;122
2272;137
2273;32
2274;123
2275;108
2276;34
2277;34
2278;108
2279;135
2280;127
2281;122
2282;134
2283;35
2284;119
2285;114
2286;121
2287;31
2288;124
2289;125
2290;112
2291;142
2292;131
2293;140
2294;117
2295;108
2296;126
2297;128
2298;119
2299;138
2300;130
2301;107
2302;35
2303;120
2304;109
2305;134
2306;128
2307;124
2308;121
2309;126
2310;122
2311;126
2312;123
2313;128
2314;118
2315;31
2316;32
2317;114
2318;110
2319;126
2320;126
2321;115
2322;133
2323;122
2324;36
2325;126
2326;115
2327;128
2328;110
2329;123
2330;122
2331;116
2332;108
2333;119
2334;115
2335;36
2336;122
2337;116
2338;133
2339;137
2340;122
2341;132
2342;125
2343;35
2344;118
2345;123
2346;132
2347;123
2348;132
2349;121
2350;121
2351;124
2352;118
2353;122
2354;126
2355;35
2356;31
2357;32
2358;53
2359;33
2360;119
2361;129
2362;134
2363;131
2364;122
2365;108
2366;36
2367;117
2368;124
2369;143
2370;115
2371;128
2372;109
2373;124
2374;132
2375;127
2376;110
2377;113
2378;117
2379;33
2380;138
2381;134
2382;125
2383;116
2384;119
2385;110
2386;133
2387;137
2388;116
2389;129
2390;125
2391;118
2392;121
2393;134
2394;128
2395;130
2396;128
2397;132
2398;45
2399;108
2400;135
2401;121
2402;126
2403;109
2404;130
2405;123
2406;137
2407;109
2408;125
2409;32
2410;115
2411;34
2412;118
2413;132
2414;130
2415;127
2416;32
2417;112
2418;35
2419;131
2420;127
2421;35
2422;137
2423;131
2424;125
2425;136
2426;136
2427;116
2428;117
2429;126
2430;132
2431;121
2432;126
2433;129
2434;36
2435;108
2436;125
2437;127
2438;121
2439;121
2440;124
2441;127
2442;113
2443;123
2444;31
2445;139
2446;118
2447;135
2448;124
2449;131
2450;130
2451;126
2452;135
2453;125
2454;128
2455;115
2456;124
2457;133
2458;116
2459;126
2460;136
2461;125
2462;140
2463;108
2464;129
2465;115
2466;118
2467;124
2468;115
2469;118
2470;126
2471;115
2472;122
2473;40
2474;109
2475;122
2476;137
2477;123
2478;123
2479;121
2480;117
2481;124
2482;108
2483;118
2484;106
2485;111
2486;115
2487;135
2488;139
2489;123
2490;110
2491;119
2492;113
2493;123
2494;123
2495;122
2496;128
2497;125
2498;123
2499;125
2500;125
2501;120
2502;125
2503;121
2504;39
2505;112
2506;110
2507;119
2508;124
2509;125
2510;33
2511;125
2512;124
2513;127
2514;128
2515;137
2516;128
2517;122
2518;133
2519;35
2520;127
2521;118
2522;123
2523;117
2524;32
2525;138
2526;137
2527;113
2528;122
2529;32
2530;124
2531;109
2532;130
2533;132
2534;121
2535;121
2536;109
2537;124
2538;126
2539;112
2540;136
2541;31
2542;126
2543;124
2544;125
2545;135
2546;136
2547;121
2548;121
2549;124
2550;123
2551;123
2552;129
2553;34
2554;132
2555;120
2556;139
2557;114
2558;132
2559;136
2560;129
2561;122
2562;117
2563;111
2564;120
2565;112
2566;125
2567;105
2568;117
2569;135
2570;125
2571;127
2572;122
2573;144
2574;139
2575;122
2576;32
2577;113
2578;125
2579;122
2580;116
2581;134
2582;133
2583;117
2584;122
2585;126
2586;134
2587;116
2588;119
2589;127
2590;38
2591;108
2592;110
2593;111
2594;120
2595;109
2596;124
2597;137
2598;140
2599;36
2600;122
2601;119
2602;122
2603;124
2604;136
2605;110
2606;134
2607;134
2608;128
2609;121
2610;127
2611;140
2612;34
2613;123
2614;123
2615;125
2616;134
2617;136
2618;120
2619;111
2620;117
2621;121
2622;112
2623;124
2624;121
2625;127
2626;35
2627;106
2628;117
2629;119
2630;129
2631;129
2632;118
2633;124
2634;120
2635;128
2636;136
2637;133
2638;110
2639;123
2640;124
2641;109
2642;114
2643;117
2644;133
2645;127
2646;113
2647;128
2648;138
2649;109
2650;131
2651;120
2652;127
2653;137
2654;133
2655;32
2656;111
2657;109
2658;128
2659;127
2660;118
2661;33
2662;123
2663;122
2664;120
2665;117
2666;110
2667;124
2668;135
2669;118
2670;137
2671;114
2672;118
2673;123
2674;30
2675;124
2676;34
2677;117
2678;126
2679;123
2680;124
2681;127
2682;133
2683;127
2684;129
2685;121
2686;140
2687;111
2688;33
2689;136
2690;130
2691;127
2692;125
2693;32
2694;125
2695;125
2696;124
2697;136
2698;136
2699;131
2700;107
2701;127
2702;125
2703;109
2704;36
2705;59
2706;31
2707;109
2708;125
2709;128
2710;113
2711;123
2712;122
2713;133
2714;108
2715;133
2716;119
2717;109
2718;116
2719;35
2720;126
2721;118
2722;32
2723;125
2724;132
2725;32
2726;122
2727;136
2728;125
2729;120
2730;129
2731;128
2732;122
2733;119
2734;35
2735;129
2736;121
2737;117
2738;117
2739;124
2740;129
2741;120
2742;130
2743;139
2744;120
2745;122
2746;37
2747;112
2748;125
2749;113
2750;123
2751;127
2752;121
2753;35
2754;121
2755;124
2756;127
2757;32
2758;130
2759;115
2760;131
2761;112
2762;117
2763;110
2764;114
2765;109
2766;117
2767;122
2768;135
2769;124
2770;131
2771;129
2772;137
2773;134
2774;123
2775;135
2776;122
2777;116
2778;134
2779;111
2780;127
2781;120
2782;118
2783;130
2784;126
2785;120
2786;34
2787;122
2788;35
2789;38
2790;136
2791;120
2792;126
2793;129
2794;124
2795;116
2796;116
2797;139
2798;134
2799;120
2800;131
2801;119
2802;128
2803;36
2804;128
2805;135
2806;123
2807;119
2808;116
2809;128
2810;138
2811;115
2812;128
2813;122
2814;136
2815;41
2816;32
2817;109
2818;134
2819;123
2820;120
2821;115
2822;38
2823;129
2824;116
2825;40
2826;118
2827;32
2828;127
2829;138
2830;119
2831;116
2832;137
2833;115
2834;131
2835;123
2836;136
2837;109
2838;125
2839;134
2840;124
2841;112
2842;110
2843;118
2844;109
2845;130
2846;115
2847;130
2848;120
2849;122
2850;140
2851;121
2852;125
2853;128
2854;120
2855;138
2856;120
2857;122
2858;123
2859;124
2860;123
2861;126
2862;124
2863;132
2864;120
2865;120
2866;121
2867;35
2868;32
2869;120
2870;121
2871;121
2872;126
2873;110
2874;108
2875;123
2876;117
2877;136
2878;35
2879;132
2880;36
2881;122
2882;125
2883;125
2884;121
2885;34
2886;126
2887;108
2888;114
2889;123
2890;112
2891;127
2892;119
2893;119
2894;118
2895;122
2896;135
2897;123
2898;130
2899;108
2900;128
2901;129
2902;42
2903;133
2904;117
2905;135
2906;124
2907;131
2908;125
2909;133
2910;123
2911;140
2912;33
2913;133
2914;133
2915;119
2916;121
2917;126
2918;122
2919;139
2920;124
2921;127
2922;135
2923;119
2924;124
2925;137
2926;126
2927;127
2928;32
2929;128
2930;142
2931;122
2932;115
2933;117
2934;128
2935;123
2936;124
2937;117
2938;137
2939;139
2940;120
2941;125
2942;109
2943;35
2944;122
2945;134
2946;50
2947;117
2948;136
2949;125
2950;33
2951;133
2952;120
2953;135
2954;119
2955;120
2956;133
2957;137
2958;124
2959;123
2960;130
2961;121
2962;117
2963;126
2964;124
2965;34
2966;119
2967;105
2968;110
2969;136
2970;140
2971;120
2972;114
2973;124
2974;32
2975;126
2976;121
2977;120
2978;122
2979;128
2980;116
2981;125
2982;32
2983;120
2984;33
2985;128
2986;136
2987;134
2988;114
2989;128
2990;131
2991;125
2992;123
2993;115
2994;120
2995;133
2996;110
2997;33
2998;127
2999;108
3000;117
3001;123
3002;124
3003;38
3004;127
3005;137
3006;123
3007;135
3008;123
3009;111
3010;121
3011;124
3012;121
3013;109
3014;34
3015;116
3016;120
3017;128
3018;116
3019;34
3020;113
3021;132
3022;136
3023;129
3024;124
3025;128
3026;38
3027;33
3028;132
3029;128
3030;134
3031;122
3032;112
3033;129
3034;120
3035;122
3036;116
3037;121
3038;120
3039;35
3040;109
3041;123
3042;130
3043;115
3044;110
3045;119
3046;129
3047;122
3048;125
3049;124
3050;32
3051;117
3052;109
3053;133
3054;112
3055;110
3056;127
3057;122
3058;116
3059;121
3060;138
3061;113
3062;135
3063;117
3064;124
3065;133
3066;126
3067;115
3068;132
3069;125
3070;34
3071;120
3072;122
3073;64
3074;119
3075;123
3076;126
3077;118
3078;132
3079;105
3080;118
3081;119
3082;120
3083;120
3084;110
3085;120
3086;128
3087;117
3088;118
3089;124
3090;115
3091;122
3092;39
3093;134
3094;124
3095;135
3096;130
3097;37
3098;111
3099;39
3100;137
3101;108
3102;141
3103;113
3104;125
3105;121
3106;128
3107;111
3108;124
3109;117
3110;127
3111;115
3112;134
3113;134
3114;130
3115;136
3116;117
3117;142
3118;117
3119;136
3120;124
3121;118
3122;136
3123;125
3124;43
3125;110
3126;32
3127;134
3128;120
3129;127
3130;125
3131;123
3132;56
3133;133
3134;126
3135;117
3136;128
3137;124
3138;121
3139;125
3140;114
3141;116
3142;116
3143;34
3144;120
3145;139
3146;134
3147;125
3148;33
3149;123
3150;128
3151;130
3152;32
3153;127
3154;125
3155;123
3156;116
3157;137
3158;130
3159;117
3160;131
3161;107
3162;111
3163;121
3164;123
3165;122
3166;123
3167;133
3168;120
3169;125
3170;111
3171;134
3172;126
3173;119
3174;122
3175;34
3176;129
3177;123
3178;108
3179;108
3180;121
3181;119
3182;121
3183;136
3184;113
3185;123
3186;128
3187;116
3188;124
3189;126
3190;126
3191;120
3192;112
3193;125
3194;125
3195;118
3196;34
3197;119
3198;128
3199;134
3200;123
3201;118
3202;117
3203;31
3204;123
3205;131
3206;139
3207;125
3208;116
3209;117
3210;116
3211;35
3212;120
3213;111
3214;35
3215;109
3216;130
3217;120
3218;121
3219;122
3220;133
3221;119
3222;127
3223;119
3224;118
3225;127
3226;110
3227;35
3228;125
3229;127
3230;33
3231;34
3232;124
3233;129
3234;122
3235;125
3236;123
3237;35
3238;117
3239;122
3240;137
3241;119
3242;111
3243;121
3244;33
3245;132
3246;126
3247;124
3248;122
3249;127
3250;126
3251;120
3252;119
3253;33
3254;120
3255;32
3256;124
3257;123
3258;121
3259;37
3260;132
3261;126
3262;123
3263;120
3264;35
3265;110
3266;127
3267;122
3268;34
3269;124
3270;122
3271;109
3272;39
3273;116
3274;128
3275;136
3276;33
3277;109
3278;123
3279;123
3280;135
3281;34
3282;122
3283;127
3284;125
3285;124
3286;123
3287;127
3288;131
3289;130
3290;118
3291;124
3292;117
3293;116
3294;120
3295;134
3296;117
3297;111
3298;128
3299;118
3300;128
3301;126
3302;126
3303;116
3304;119
3305;131
3306;109
3307;118
3308;118
3309;109
3310;110
3311;135
3312;134
3313;119
3314;35
3315;109
3316;136
3317;123
3318;119
3319;127
3320;33
3321;136
3322;120
3323;129
3324;129
3325;108
3326;125
3327;124
3328;120
3329;131
3330;130
3331;117
3332;121
3333;124
3334;136
3335;135
3336;142
3337;127
3338;126
3339;128
3340;120
3341;134
3342;122
3343;124
3344;125
3345;135
3346;110
3347;126
3348;127
3349;117
3350;117
3351;41
3352;121
3353;36
3354;33
3355;117
3356;113
3357;126
3358;118
3359;108
3360;110
3361;107
3362;116
3363;124
3364;133
3365;131
3366;125
3367;122
3368;112
3369;132
3370;128
3371;108
3372;134
3373;128
3374;124
3375;130
3376;128
3377;129
3378;107
3379;31
3380;33
3381;128
3382;116
3383;116
3384;136
3385;125
3386;33
3387;121
3388;130
3389;124
3390;124
3391;116
3392;124
3393;135
3394;135
3395;116
3396;129
3397;122
3398;118
3399;110
3400;108
3401;110
3402;119
3403;117
3404;129
3405;139
3406;122
3407;125
3408;135
3409;126
3410;124
3411;123
3412;115
3413;116
3414;136
3415;128
3416;136
3417;112
3418;116
3419;33
3420;34
3421;33
3422;123
3423;111
3424;116
3425;117
3426;123
3427;117
3428;117
3429;134
3430;33
3431;131
3432;126
3433;32
3434;33
3435;124
3436;131
3437;129
3438;32
3439;116
3440;126
3441;130
3442;116
3443;123
3444;131
3445;108
3446;117
3447;123
3448;132
3449;120
3450;130
3451;115
3452;36
3453;115
3454;32
3455;33
3456;120
3457;36
3458;109
3459;128
3460;132
3461;112
3462;133
3463;125
3464;38
3465;121
3466;123
3467;122
3468;138
3469;128
3470;134
3471;36
3472;124
3473;128
3474;134
3475;136
3476;124
3477;129
3478;121
3479;108
3480;32
3481;110
3482;117
3483;127
3484;115
3485;124
3486;118
3487;122
3488;119
3489;127
3490;134
3491;126
3492;124
3493;117
3494;118
3495;125
3496;116
3497;126
3498;128
3499;123
3500;124
3501;127
3502;125
3503;133
3504;126
3505;114
3506;136
3507;120
3508;121
3509;123
3510;125
3511;127
3512;112
3513;118
3514;128
3515;118
3516;126
3517;125
3518;117
3519;135
3520;129
3521;127
3522;123
3523;127
3524;117
3525;132
3526;122
3527;119
3528;125
3529;122
3530;125
3531;122
3532;35
3533;131
3534;140
3535;117
3536;112
3537;138
3538;120
3539;119
3540;114
3541;125
3542;130
3543;127
3544;126
3545;116
3546;35
3547;125
3548;121
3549;136
3550;128
3551;127
3552;142
3553;123
3554;116
3555;127
3556;133
3557;123
3558;140
3559;133
3560;116
3561;125
3562;32
3563;123
3564;117
3565;137
3566;122
3567;135
3568;123
3569;134
3570;134
3571;127
3572;110
3573;124
3574;124
3575;124
3576;124
3577;128
3578;124
3579;119
3580;116
3581;110
3582;33
3583;134
3584;107
3585;116
3586;35
3587;119
3588;121
3589;110
3590;134
3591;134
3592;124
3593;36
3594;114
3595;131
3596;123
3597;138
3598;51
3599;135
3600;125
3601;37
3602;115
3603;117
3604;137
3605;33
3606;36
3607;125
3608;108
3609;109
3610;126
3611;126
3612;130
3613;114
3614;119
3615;126
3616;120
3617;118
3618;126
3619;134
3620;121
3621;128
3622;118
3623;138
3624;111
3625;34
3626;125
3627;126
3628;121
3629;129
3630;121
3631;134
3632;111
3633;120
3634;115
3635;134
3636;136
3637;109
3638;32
3639;34
3640;127
3641;32
3642;116
3643;111
3644;125
3645;138
3646;128
3647;111
3648;33
3649;34
3650;110
3651;32
3652;33
3653;124
3654;140
3655;123
3656;112
3657;118
3658;125
3659;125
3660;109
3661;122
3662;131
3663;138
3664;129
3665;126
3666;120
3667;113
3668;118
3669;34
3670;121
3671;117
3672;129
3673;35
3674;129
3675;121
3676;126
3677;111
3678;135
3679;35
3680;111
3681;124
3682;127
3683;117
3684;121
3685;124
3686;125
3687;130
3688;128
3689;35
3690;117
3691;133
3692;104
3693;120
3694;120
3695;112
3696;124
3697;119
3698;126
3699;33
3700;127
3701;122
3702;142
3703;125
3704;121
3705;135
3706;111
3707;128
3708;130
3709;122
3710;118
3711;122
3712;118
3713;119
3714;116
3715;120
3716;137
3717;122
3718;130
3719;109
3720;117
3721;117
3722;124
3723;131
3724;110
3725;123
3726;135
3727;139
3728;124
3729;126
3730;118
3731;122
3732;132
3733;34
3734;111
3735;110
3736;111
3737;122
3738;123
3739;130
3740;118
3741;35
3742;130
3743;110
3744;125
3745;32
3746;131
3747;32
3748;121
3749;129
3750;134
3751;134
3752;125
3753;109
3754;134
3755;129
3756;134
3757;142
3758;127
3759;126
3760;123
3761;34
3762;125
3763;136
3764;113
3765;35
3766;122
3767;139
3768;108
3769;134
3770;123
3771;129
3772;126
3773;124
3774;113
3775;118
3776;137
3777;34
3778;139
3779;31
3780;141
3781;123
3782;132
3783;121
3784;35
3785;132
3786;34
3787;124
3788;134
3789;36
3790;111
3791;130
3792;125
3793;125
3794;137
3795;127
3796;137
3797;134
3798;121
3799;117
3800;121
3801;122
3802;121
3803;108
3804;114
3805;112
3806;140
3807;121
3808;125
3809;33
3810;135
3811;133
3812;124
3813;127
3814;132
3815;35
3816;122
3817;127
3818;126
3819;124
3820;131
3821;138
3822;117
3823;122
3824;125
3825;124
3826;140
3827;116
3828;130
3829;128
3830;109
3831;124
3832;133
3833;127
3834;123
3835;123
3836;130
3837;136
3838;132
3839;121
3840;130
3841;126
3842;120
3843;33
3844;119
3845;119
3846;129
3847;118
3848;125
3849;112
3850;134
3851;35
3852;35
3853;135
3854;124
3855;140
3856;121
3857;122
3858;32
3859;133
3860;133
3861;122
3862;133
3863;134
3864;112
3865;124
3866;33
3867;112
3868;121
3869;124
3870;110
3871;128
3872;120
3873;121
3874;126
3875;125
3876;126
3877;132
3878;115
3879;131
3880;128
3881;124
3882;121
3883;108
3884;135
3885;133
3886;115
3887;123
3888;128
3889;121
3890;133
3891;123
3892;126
3893;144
3894;36
3895;119
3896;119
3897;122
3898;135
3899;124
3900;35
3901;116
3902;136
3903;110
3904;122
3905;124
3906;67
3907;132
3908;116
3909;127
3910;122
3911;112
3912;121
3913;125
3914;117
3915;124
3916;120
3917;134
3918;135
3919;32
3920;110
3921;121
3922;32
3923;119
3924;126
3925;38
3926;136
3927;127
3928;137
3929;133
3930;35
3931;117
3932;123
3933;119
3934;123
3935;116
3936;111
3937;36
3938;129
3939;122
3940;116
3941;138
3942;113
3943;130
3944;120
3945;119
3946;132
3947;116
3948;121
3949;127
3950;121
3951;123
3952;138
3953;124
3954;127
3955;138
3956;126
3957;133
3958;128
3959;110
3960;133
3961;124
3962;131
3963;125
3964;123
3965;122
3966;135
3967;127
3968;137
3969;116
3970;122
3971;134
3972;116
3973;108
3974;35
3975;128
3976;128
3977;128
3978;116
3979;117
3980;111
3981;123
3982;110
3983;35
3984;121
3985;125
3986;126
3987;121
3988;128
3989;125
3990;32
3991;117
3992;125
3993;105
3994;136
3995;124
3996;124
3997;112
3998;128
3999;123
4000;132
4001;128
4002;127
4003;116
4004;122
4005;31
4006;34
4007;135
4008;117
4009;122
4010;32
4011;126
4012;125
4013;44
4014;32
4015;132
4016;121
4017;136
4018;125
4019;117
4020;120
4021;37
4022;117
4023;110
4024;125
4025;32
4026;119
4027;121
4028;112
4029;126
4030;123
4031;135
4032;33
4033;107
4034;109
4035;35
4036;35
4037;122
4038;124
4039;34
4040;123
4041;124
4042;123
4043;110
4044;122
4045;119
4046;123
4047;125
4048;115
4049;107
4050;34
4051;117
4052;135
4053;125
4054;138
4055;123
4056;141
4057;33
4058;123
4059;136
4060;123
4061;109
4062;114
4063;121
4064;111
4065;135
4066;122
4067;139
4068;131
4069;35
4070;109
4071;129
4072;139
4073;107
4074;32
4075;131
4076;138
4077;36
4078;139
4079;111
4080;119
4081;124
4082;116
4083;107
4084;128
4085;32
4086;132
4087;117
4088;122
4089;110
4090;113
4091;108
4092;120
4093;124
4094;133
4095;123
4096;134
4097;118
4098;130
4099;126
4100;120
4101;124
4102;128
4103;120
4104;34
4105;32
4106;126
4107;112
4108;137
4109;124
4110;33
4111;137
4112;119
4113;124
4114;126
4115;122
4116;133
4117;126
4118;134
4119;110
4120;117
4121;129
4122;120
4123;127
4124;129
4125;116
4126;127
4127;126
4128;123
4129;124
4130;112
4131;142
4132;116
4133;120
4134;125
4135;126
4136;121
4137;128
4138;34
4139;122
4140;138
4141;126
4142;122
4143;122
4144;32
4145;129
4146;124
4147;32
4148;115
4149;121
4150;109
4151;107
4152;141
4153;32
4154;131
4155;108
4156;135
4157;110
4158;123
4159;131
4160;117
4161;126
4162;121
4163;135
4164;116
4165;133
4166;122
4167;126
4168;33
4169;33
4170;34
4171;37
4172;122
4173;124
4174;120
4175;109
4176;133
4177;137
4178;35
4179;32
4180;127
4181;34
4182;126
4183;124
4184;122
4185;40
4186;110
4187;125
4188;110
4189;123
4190;32
4191;34
4192;121
4193;117
4194;134
4195;34
4196;137
4197;124
4198;122
4199;121
4200;115
4201;49
4202;135
4203;123
4204;123
4205;138
4206;126
4207;135
4208;115
4209;116
4210;128
4211;130
4212;63
4213;121
4214;112
4215;119
4216;39
4217;126
4218;123
4219;135
4220;118
4221;128
4222;124
4223;126
4224;137
4225;123
4226;134
4227;115
4228;123
4229;126
4230;133
4231;126
4232;29
4233;134
4234;123
4235;127
4236;133
4237;122
4238;123
4239;124
4240;124
4241;107
4242;121
4243;116
4244;127
4245;122
4246;126
4247;124
4248;137
4249;32
4250;120
4251;120
4252;117
4253;128
4254;140
4255;139
4256;125
4257;122
4258;122
4259;124
4260;128
4261;137
4262;34
4263;136
4264;31
4265;132
4266;131
4267;32
4268;128
4269;133
4270;124
4271;136
4272;122
4273;33
4274;127
4275;122
4276;122
4277;122
4278;108
4279;120
4280;124
4281;119
4282;108
4283;130
4284;134
4285;116
4286;115
4287;132
4288;121
4289;133
4290;122
4291;126
4292;34
4293;129
4294;132
4295;112
4296;120
4297;118
4298;132
4299;124
4300;141
4301;128
4302;133
4303;36
4304;32
4305;119
4306;138
4307;133
4308;34
4309;122
4310;139
4311;123
4312;137
4313;136
4314;125
4315;138
4316;125
4317;124
4318;32
4319;121
4320;109
4321;125
4322;108
4323;137
4324;125
4325;125
4326;130
4327;116
4328;33
4329;118
4330;133
4331;34
4332;125
4333;123
4334;121
4335;128
4336;116
4337;33
4338;133
4339;128
4340;134
4341;130
4342;121
4343;111
4344;138
4345;121
4346;118
4347;116
4348;108
4349;38
4350;127
4351;110
4352;122
4353;115
4354;123
4355;137
4356;138
4357;122
4358;123
4359;141
4360;136
4361;121
4362;122
4363;129
4364;133
4365;112
4366;122
4367;125
4368;138
4369;138
4370;127
4371;122
4372;122
4373;128
4374;136
4375;123
4376;126
4377;125
4378;133
4379;126
4380;130
4381;134
4382;135
4383;125
4384;130
4385;123
4386;37
4387;125
4388;115
4389;122
4390;122
4391;122
4392;110
4393;118
4394;117
4395;120
4396;128
4397;125
4398;121
4399;129
4400;126
4401;129
4402;126
4403;123
4404;111
4405;127
4406;117
4407;123
4408;131
4409;32
4410;121
4411;123
4412;116
4413;120
4414;127
4415;129
4416;115
4417;117
4418;126
4419;133
4420;136
4421;123
4422;136
4423;124
4424;127
4425;127
4426;123
4427;134
4428;34
4429;122
4430;114
4431;124
4432;115
4433;133
4434;132
4435;135
4436;120
4437;128
4438;133
4439;127
4440;137
4441;129
4442;122
4443;128
4444;123
4445;124
4446;117
4447;114
4448;111
4449;120
4450;36
4451;134
4452;130
4453;105
4454;135
4455;125
4456;122
4457;110
4458;130
4459;109
4460;112
4461;136
4462;109
4463;136
4464;118
4465;130
4466;116
4467;113
4468;133
4469;127
4470;113
4471;109
4472;139
4473;125
4474;114
4475;125
4476;121
4477;136
4478;126
4479;127
4480;121
4481;129
4482;126
4483;131
4484;117
4485;111
4486;123
4487;116
4488;117
4489;131
4490;122
4491;38
4492;131
4493;111
4494;130
4495;111
4496;125
4497;142
4498;131
4499;117
4500;137
4501;121
4502;121
4503;127
4504;122
4505;128
4506;125
4507;38
4508;127
4509;122
4510;119
4511;137
4512;117
4513;121
4514;133
4515;110
4516;33
4517;120
4518;124
4519;130
4520;139
4521;128
4522;111
4523;128
4524;34
4525;33
4526;122
4527;111
4528;125
4529;134
4530;116
4531;114
4532;120
4533;31
4534;122
4535;123
4536;129
4537;118
4538;36
4539;110
4540;129
4541;126
4542;109
4543;129
4544;125
4545;125
4546;125
4547;117
4548;141
4549;127
4550;120
4551;123
4552;125
4553;124
4554;110
4555;121
4556;123
4557;116
4558;126
4559;121
4560;125
4561;114
4562;124
4563;35
4564;32
4565;118
4566;127
4567;135
4568;117
4569;133
4570;131
4571;135
4572;130
4573;124
4574;36
4575;133
4576;123
4577;135
4578;125
4579;116
4580;34
4581;124
4582;122
4583;133
4584;128
4585;125
4586;121
4587;118
4588;31
4589;34
4590;123
4591;116
4592;129
4593;122
4594;125
4595;34
4596;134
4597;33
4598;125
4599;119
4600;119
4601;141
4602;33
4603;32
4604;115
4605;130
4606;33
4607;117
4608;123
4609;127
4610;121
4611;107
4612;106
4613;127
4614;111
4615;131
4616;125
4617;112
4618;117
4619;131
4620;122
4621;120
4622;121
4623;112
4624;107
4625;131
4626;130
4627;118
4628;108
4629;120
4630;133
4631;107
4632;125
4633;127
4634;133
4635;127
4636;119
4637;135
4638;121
4639;138
4640;129
4641;110
4642;118
4643;36
4644;122
4645;134
4646;34
4647;132
4648;125
4649;117
4650;109
4651;32
4652;124
4653;33
4654;125
4655;33
4656;124
4657;123
4658;122
4659;126
4660;118
4661;122
4662;119
4663;124
4664;121
4665;124
4666;122
4667;124
4668;126
4669;115
4670;33
4671;128
4672;115
4673;126
4674;32
4675;115
4676;34
4677;110
4678;113
4679;128
4680;114
4681;131
4682;123
4683;126
4684;126
4685;32
4686;119
4687;34
4688;120
4689;134
4690;131
4691;33
4692;127
4693;120
4694;117
4695;133
4696;137
4697;109
4698;117
4699;131
4700;121
4701;122
4702;127
4703;124
4704;117
4705;119
4706;120
4707;122
4708;33
4709;123
4710;120
4711;134
4712;141
4713;118
4714;120
4715;114
4716;122
4717;34
4718;108
4719;34
4720;114
4721;131
4722;136
4723;137
4724;135
4725;121
4726;123
4727;131
4728;131
4729;36
4730;115
4731;133
4732;34
4733;36
4734;122
4735;123
4736;120
4737;134
4738;130
4739;120
4740;134
4741;108
4742;120
4743;131
4744;122
4745;130
4746;118
4747;110
4748;123
4749;134
4750;124
4751;134
4752;121
4753;123
4754;33
4755;132
4756;125
4757;109
4758;122
4759;38
4760;111
4761;127
4762;135
4763;139
4764;33
4765;125
4766;132
4767;107
4768;125
4769;124
4770;119
4771;135
4772;125
4773;106
4774;34
4775;123
4776;108
4777;129
4778;32
4779;118
4780;113
4781;109
4782;128
4783;129
4784;109
4785;132
4786;123
4787;117
4788;119
4789;123
4790;117
4791;126
4792;124
4793;108
4794;113
4795;122
4796;130
4797;124
4798;123
4799;123
4800;105
4801;126
4802;123
4803;124
4804;111
4805;123
4806;34
4807;134
4808;122
4809;136
4810;137
4811;111
4812;129
4813;127
4814;135
4815;106
4816;129
4817;122
4818;121
4819;115
4820;127
4821;106
4822;131
4823;137
4824;120
4825;128
4826;128
4827;136
4828;135
4829;123
4830;134
4831;117
4832;118
4833;122
4834;115
4835;124
4836;122
4837;124
4838;124
4839;123
4840;121
4841;129
4842;127
4843;119
4844;135
4845;124
4846;123
4847;32
4848;121
4849;123
4850;123
4851;117
4852;137
4853;34
4854;124
4855;120
4856;122
4857;126
4858;36
4859;34
4860;135
4861;113
4862;110
4863;132
4864;32
4865;106
4866;126
4867;132
4868;119
4869;34
4870;118
4871;31
4872;32
4873;125
4874;141
4875;116
4876;136
4877;35
4878;126
4879;140
4880;127
4881;113
4882;130
4883;119
4884;122
4885;124
4886;122
4887;118
4888;138
4889;122
4890;132
4891;111
4892;133
4893;125
4894;120
4895;125
4896;124
4897;116
4898;118
4899;122
4900;118
4901;121
4902;135
4903;36
4904;119
4905;122
4906;122
4907;129
4908;116
4909;38
4910;122
4911;129
4912;127
4913;109
4914;119
4915;135
4916;127
4917;32
4918;123
4919;121
4920;120
4921;118
4922;130
4923;115
4924;41
4925;122
4926;116
4927;34
4928;129
4929;127
4930;34
4931;34
4932;33
4933;134
4934;123
4935;109
4936;111
4937;111
4938;112
4939;134
4940;119
4941;123
4942;136
4943;127
4944;121
4945;121
4946;125
4947;124
4948;126
4949;32
4950;133
4951;37
4952;125
4953;33
4954;125
4955;113
4956;138
4957;111
4958;108
4959;125
4960;126
4961;122
4962;120
4963;126
4964;128
4965;121
4966;121
4967;131
4968;129
4969;131
4970;111
4971;134
4972;34
4973;114
4974;126
4975;126
4976;125
4977;36
4978;138
4979;135
4980;118
4981;126
4982;124
4983;120
4984;36
4985;123
4986;133
4987;127
4988;131
4989;125
4990;131
4991;112
4992;111
4993;112
4994;112
4995;134
4996;119
4997;125
4998;131
4999;108
5000;118
5001;127
5002;124
5003;118
5004;124
5005;36
5006;113
5007;118
5008;112
5009;120
5010;116
5011;124
5012;117
5013;33
5014;32
5015;128
5016;122
5017;128
5018;120
5019;121
5020;136
5021;135
5022;125
5023;128
5024;120
5025;34
5026;122
5027;129
5028;125
5029;122
5030;117
5031;110
5032;130
5033;113
5034;116
5035;110
5036;35
5037;120
5038;127
5039;131
5040;108
5041;122
5042;129
5043;108
5044;32
5045;120
5046;123
5047;129
5048;113
5049;124
5050;127
5051;111
5052;34
5053;123
5054;124
5055;133
5056;134
5057;117
5058;114
5059;123
5060;123
5061;124
5062;124
5063;127
5064;110
5065;136
5066;119
5067;132
5068;139
5069;109
5070;121
5071;111
5072;35
5073;123
5074;124
5075;125
5076;128
5077;109
5078;126
5079;109
5080;124
5081;36
5082;126
5083;135
5084;135
5085;120
5086;127
5087;110
5088;124
5089;122
5090;36
5091;43
5092;35
5093;39
5094;111
5095;121
5096;124
5097;107
5098;141
5099;124
5100;128
5101;125
5102;136
5103;121
5104;132
5105;120
5106;125
5107;111
5108;109
5109;110
5110;111
5111;135
5112;34
5113;37
5114;111
5115;117
5116;118
5117;119
5118;125
5119;122
5120;118
5121;113
5122;111
5123;132
5124;110
5125;117
5126;129
5127;122
5128;34
5129;119
5130;120
5131;117
5132;35
5133;111
5134;134
5135;118
5136;119
5137;124
5138;119
5139;109
5140;130
5141;111
5142;121
5143;124
5144;123
5145;119
5146;125
5147;109
5148;35
5149;120
5150;121
5151;127
5152;136
5153;114
5154;112
5155;113
5156;32
5157;123
5158;120
5159;138
5160;133
5161;115
5162;110
5163;127
5164;126
5165;129
5166;36
5167;122
5168;121
5169;128
5170;135
5171;115
5172;112
5173;132
5174;134
5175;127
5176;127
5177;111
5178;122
5179;106
5180;113
5181;121
5182;125
5183;122
5184;126
5185;124
5186;32
5187;135
5188;124
5189;121
5190;116
5191;120
5192;123
5193;32
5194;133
5195;121
5196;133
5197;133
5198;125
5199;118
5200;126
5201;122
5202;119
5203;34
5204;131
5205;113
5206;134
5207;132
5208;33
5209;140
5210;130
5211;35
5212;122
5213;115
5214;122
5215;120
5216;118
5217;127
5218;117
5219;123
5220;126
5221;121
5222;133
5223;132
5224;120
5225;120
5226;123
5227;33
5228;121
5229;134
5230;116
5231;128
5232;34
5233;122
5234;108
5235;114
5236;127
5237;127
5238;113
5239;128
5240;113
5241;110
5242;125
5243;115
5244;114
5245;131
5246;122
5247;123
5248;123
5249;110
5250;120
5251;114
5252;31
5253;114
5254;34
5255;115
5256;122
5257;110
5258;35
5259;109
5260;128
5261;115
5262;125
5263;116
5264;120
5265;121
5266;120
5267;120
5268;130
5269;129
5270;111
5271;34
5272;116
5273;119
5274;124
5275;133
5276;115
5277;107
5278;128
5279;122
5280;109
5281;36
5282;120
5283;122
5284;126
5285;134
5286;116
5287;110
5288;133
5289;123
5290;109
5291;34
5292;120
5293;119
5294;122
5295;135
5296;117
5297;110
5298;138
5299;129
5300;122
5301;117
5302;133
5303;116
5304;117
5305;110
5306;125
5307;114
5308;123
5309;117
5310;109
5311;128
5312;127
5313;110
5314;34
5315;126
5316;37
5317;109
5318;34
5319;125
5320;112
5321;111
5322;126
5323;40
5324;110
5325;135
5326;107
5327;34
5328;121
5329;121
5330;122
5331;43
5332;116
5333;129
5334;109
5335;128
5336;121
5337;108
5338;126
5339;136
5340;119
5341;117
5342;109
5343;128
5344;122
5345;124
5346;120
5347;133
5348;124
5349;123
5350;34
5351;135
5352;122
5353;109
5354;116
5355;126
5356;120
5357;117
5358;120
5359;121
5360;124
5361;35
5362;125
5363;108
5364;135
5365;107
5366;120
5367;121
5368;110
5369;109
5370;34
5371;104
5372;109
5373;123
5374;136
5375;121
5376;122
5377;122
5378;116
5379;126
5380;125
5381;121
5382;119
5383;116
5384;32
5385;119
5386;122
5387;124
5388;125
5389;136
5390;120
5391;116
5392;123
5393;122
5394;128
5395;127
5396;117
5397;134
5398;113
5399;33
5400;133
5401;118
5402;106
5403;123
5404;125
5405;110
5406;34
5407;120
5408;126
5409;135
5410;135
5411;116
5412;104
5413;123
5414;123
5415;110
5416;33
5417;122
5418;120
5419;132
5420;132
5421;119
5422;109
5423;121
5424;122
5425;107
5426;129
5427;122
5428;108
5429;121
5430;108
5431;32
5432;132
5433;121
5434;123
5435;117
5436;119
5437;109
5438;122
5439;127
5440;128
5441;115
5442;34
5443;110
5444;134
5445;132
5446;123
5447;123
5448;130
5449;129
5450;112
5451;135
5452;107
5453;33
5454;123
5455;121
5456;123
5457;52
5458;117
5459;109
5460;33
5461;34
5462;120
5463;109
5464;131
5465;107
5466;106
5467;117
5468;126
5469;118
5470;110
5471;109
5472;120
5473;133
5474;126
5475;117
5476;128
5477;33
5478;121
5479;121
5480;133
5481;117
5482;105
5483;113
5484;117
5485;105
5486;34
5487;121
5488;134
5489;120
5490;38
5491;121
5492;123
5493;122
5494;119
5495;125
5496;114
5497;114
5498;111
5499;37
5500;130
5501;118
5502;124
5503;127
5504;127
5505;115
5506;32
5507;123
5508;120
5509;124
5510;135
5511;116
5512;112
5513;108
5514;34
5515;122
5516;119
5517;126
5518;135
5519;121
5520;32
5521;121
5522;134
5523;121
5524;32
5525;132
5526;114
5527;124
5528;135
5529;116
5530;130
5531;109
5532;109
5533;106
5534;33
5535;35
5536;125
5537;119
5538;117
5539;118
5540;105
5541;122
5542;125
5543;129
5544;35
5545;120
5546;122
5547;128
5548;127
5549;112
5550;34
5551;108
5552;33
5553;36
5554;110
5555;121
5556;129
5557;122
5558;117
5559;130
5560;108
5561;124
5562;121
5563;109
5564;134
5565;121
5566;35
5567;121
5568;117
5569;134
5570;133
5571;134
5572;134
5573;125
5574;132
5575;123
5576;111
5577;131
5578;127
5579;134
5580;118
5581;117
5582;122
5583;121
5584;108
5585;120
5586;129
5587;124
5588;32
5589;120
5590;33
5591;116
5592;111
5593;118
5594;41
5595;127
5596;121
5597;132
5598;135
5599;117
5600;125
5601;128
5602;123
5603;114
5604;35
5605;122
5606;116
5607;130
5608;133
5609;117
5610;114
5611;130
5612;124
5613;116
5614;37
5615;123
5616;121
5617;130
5618;134
5619;119
5620;118
5621;131
5622;124
5623;121
5624;132
5625;122
5626;119
5627;122
5628;121
5629;121
5630;36
5631;130
5632;133
5633;137
5634;127
5635;119
5636;123
5637;34
5638;123
5639;128
5640;109
5641;118
5642;47
5643;120
5644;128
5645;124
5646;34
5647;128
5648;126
5649;117
5650;125
5651;37
5652;110
5653;117
5654;115
5655;113
5656;130
5657;110
5658;133
5659;108
5660;116
5661;34
5662;136
5663;109
5664;130
5665;116
5666;35
5667;123
5668;133
5669;109
5670;112
5671;121
5672;123
5673;108
5674;120
5675;124
5676;132
5677;134
5678;138
5679;34
5680;125
5681;117
5682;134
5683;125
5684;108
5685;108
5686;107
5687;123
5688;114
5689;34
5690;118
5691;132
5692;119
5693;116
5694;116
5695;111
5696;128
5697;133
5698;131
5699;37
5700;120
5701;129
5702;116
5703;118
5704;120
5705;121
5706;133
5707;121
5708;118
5709;117
5710;125
5711;133
5712;116
5713;130
5714;115
5715;120
5716;122
5717;125
5718;111
5719;123
5720;134
5721;111
5722;32
5723;120
5724;116
5725;123
5726;135
5727;116
5728;107
5729;122
5730;123
5731;118
5732;33
5733;121
5734;131
5735;140
5736;122
5737;113
5738;37
5739;119
5740;117
5741;123
5742;135
5743;116
5744;122
5745;112
5746;41
5747;119
5748;117
5749;123
5750;110
5751;109
5752;139
5753;125
5754;122
5755;117
5756;111
5757;127
5758;127
5759;35
5760;122
5761;122
5762;32
5763;119
5764;119
5765;121
5766;120
5767;117
5768;116
5769;133
5770;117
5771;124
5772;123
5773;113
5774;123
5775;121
5776;33
5777;121
5778;111
5779;135
5780;127
5781;125
5782;122
5783;32
5784;122
5785;120
5786;32
5787;126
5788;116
5789;111
5790;124
5791;110
5792;131
5793;116
5794;32
5795;109
5796;119
5797;125
5798;107
5799;119
5800;124
5801;118
5802;134
5803;133
5804;122
5805;125
5806;109
5807;133
5808;109
5809;34
5810;120
5811;32
5812;112
5813;123
5814;127
5815;116
5816;124
5817;121
5818;115
5819;116
5820;122
5821;141
5822;123
5823;124
5824;122
5825;122
5826;118
5827;116
5828;114
5829;120
5830;112
5831;32
5832;126
5833;135
5834;117
5835;133
5836;124
5837;125
5838;114
5839;40
5840;122
5841;132
5842;141
5843;135
5844;117
5845;120
5846;122
5847;114
5848;36
5849;121
5850;120
5851;128
5852;135
5853;117
5854;123
5855;122
5856;121
5857;127
5858;129
5859;32
5860;121
5861;117
5862;134
5863;121
5864;122
5865;110
5866;124
5867;134
5868;125
5869;125
5870;118
5871;127
5872;34
5873;34
5874;137
5875;122
5876;125
5877;118
5878;122
5879;120
5880;31
5881;121
5882;120
5883;123
5884;117
5885;134
5886;117
5887;137
5888;134
5889;32
5890;125
5891;136
5892;120
5893;34
5894;121
5895;123
5896;35
5897;127
5898;116
5899;119
5900;121
5901;117
5902;34
5903;112
5904;126
5905;129
5906;119
5907;123
5908;128
5909;120
5910;134
5911;122
5912;125
5913;136
5914;120
5915;34
5916;118
5917;35
5918;111
5919;121
5920;117
5921;129
5922;136
5923;130
5924;123
5925;118
5926;129
5927;123
5928;115
5929;111
5930;109
5931;119
5932;109
5933;36
5934;123
5935;123
5936;134
5937;142
5938;116
5939;119
5940;129
5941;129
5942;111
5943;43
5944;124
5945;127
5946;127
5947;136
5948;116
5949;125
5950;125
5951;119
5952;113
5953;35
5954;119
5955;129
5956;124
5957;135
5958;117
5959;115
5960;128
5961;124
5962;127
5963;118
5964;135
5965;112
5966;117
5967;127
5968;119
5969;126
5970;36
5971;122
5972;139
5973;132
5974;122
5975;133
5976;125
5977;121
5978;39
5979;125
5980;115
5981;136
5982;137
5983;125
5984;39
5985;138
5986;130
5987;126
5988;120
5989;117
5990;110
5991;33
5992;123
5993;108
5994;115
5995;125
5996;131
5997;138
5998;38
5999;121
6000;125
6001;122
6002;118
6003;114
6004;130
6005;44
6006;117
6007;123
6008;40
6009;125
6010;124
6011;126
6012;35
6013;126
6014;123
6015;111
6016;109
6017;113
6018;124
6019;126
6020;117
6021;125
6022;120
6023;128
6024;133
6025;127
6026;122
6027;136
6028;139
6029;119
6030;122
6031;117
6032;126
6033;117
6034;129
6035;130
6036;130
6037;135
6038;118
6039;123
6040;123
6041;127
6042;138
6043;135
6044;35
6045;123
6046;130
6047;125
6048;117
6049;123
6050;115
6051;129
6052;127
6053;136
6054;119
6055;122
6056;130
6057;127
6058;32
6059;129
6060;33
6061;121
6062;108
6063;40
6064;123
6065;131
6066;123
6067;135
6068;118
6069;111
6070;127
6071;137
6072;112
6073;36
6074;126
6075;122
6076;123
6077;138
6078;116
6079;110
6080;138
6081;140
6082;114
6083;37
6084;124
6085;129
6086;123
6087;136
6088;117
6089;107
6090;130
6091;140
6092;36
6093;134
6094;117
6095;133
6096;126
6097;108
6098;104
6099;107
6100;124
6101;35
6102;120
6103;120
6104;118
6105;108
6106;122
6107;124
6108;36
6109;124
6110;37
6111;125
6112;141
6113;119
6114;107
6115;40
6116;124
6117;109
6118;121
6119;105
6120;135
6121;118
6122;117
6123;118
6124;141
6125;35
6126;140
6127;106
6128;116
6129;107
6130;117
6131;107
6132;121
6133;109
6134;117
6135;35
6136;133
6137;132
6138;124
6139;125
6140;109
6141;35
6142;135
6143;129
6144;121
6145;122
6146;134
6147;112
6148;134
6149;106
6150;130
6151;124
6152;127
6153;131
6154;131
6155;135
6156;122
6157;143
6158;106
6159;35
6160;124
6161;138
6162;33
6163;108
6164;110
6165;135
6166;138
6167;116
6168;138
6169;126
6170;111
6171;112
6172;139
6173;141
6174;128
6175;127
6176;123
6177;124
6178;134
6179;118
6180;124
6181;110
6182;32
6183;120
6184;126
6185;125
6186;133
6187;116
6188;113
6189;122
6190;124
6191;110
6192;32
6193;120
6194;121
6195;122
6196;134
6197;117
6198;105
6199;122
6200;121
6201;110
6202;32
6203;124
6204;123
6205;128
6206;133
6207;116
6208;110
6209;120
6210;123
6211;109
6212;120
6213;122
6214;122
6215;134
6216;132
6217;120
6218;114
6219;121
6220;122
6221;124
6222;32
6223;107
6224;35
6225;118
6226;120
6227;136
6228;122
6229;116
6230;124
6231;32
6232;34
6233;35
6234;124
6235;121
6236;132
6237;117
6238;127
6239;39
6240;121
6241;110
6242;110
6243;115
6244;134
6245;120
6246;122
6247;122
6248;120
6249;122
6250;108
6251;124
6252;116
6253;105
6254;33
6255;122
6256;124
6257;133
6258;117
6259;111
6260;118
6261;115
6262;123
6263;108
6264;107
6265;128
6266;123
6267;107
6268;121
6269;107
6270;133
6271;128
6272;118
6273;124
6274;125
6275;120
6276;34
6277;134
6278;32
6279;118
6280;109
6281;125
6282;134
6283;117
6284;123
6285;125
6286;110
6287;111
6288;110
6289;121
6290;128
6291;136
6292;106
6293;109
6294;116
6295;124
6296;119
6297;125
6298;118
6299;119
6300;128
6301;116
6302;124
6303;125
6304;123
6305;122
6306;109
6307;111
6308;35
6309;109
6310;33
6311;122
6312;126
6313;125
6314;133
6315;116
6316;108
6317;120
6318;120
6319;108
6320;32
6321;118
6322;118
6323;122
6324;136
6325;116
6326;108
6327;122
6328;110
6329;32
6330;119
6331;120
6332;124
6333;136
6334;117
6335;111
6336;121
6337;118
6338;34
6339;106
6340;121
6341;132
6342;109
6343;122
6344;112
6345;121
6346;106
6347;130
6348;129
6349;123
6350;116
6351;110
6352;125
6353;114
6354;117
6355;116
6356;32
6357;122
6358;122
6359;130
6360;117
6361;107
6362;125
6363;109
6364;108
6365;120
6366;111
6367;123
6368;131
6369;125
6370;126
6371;119
6372;122
6373;123
6374;32
6375;33
6376;122
6377;112
6378;130
6379;119
6380;109
6381;124
6382;119
6383;119
6384;118
6385;134
6386;135
6387;116
6388;116
6389;118
6390;135
6391;124
6392;140
6393;123
6394;121
6395;124
6396;126
6397;33
6398;117
6399;117
6400;119
6401;122
6402;119
6403;124
6404;120
6405;134
6406;119
6407;34
6408;36
6409;128
6410;123
6411;122
6412;127
6413;120
6414;133
6415;132
6416;127
6417;130
6418;128
6419;33
6420;122
6421;129
6422;124
6423;120
6424;109
6425;122
6426;111
6427;127
6428;114
6429;109
6430;35
6431;119
6432;121
6433;126
6434;116
6435;119
6436;126
6437;110
6438;34
6439;123
6440;120
6441;107
6442;119
6443;125
6444;110
6445;35
6446;120
6447;120
6448;131
6449;110
6450;122
6451;120
6452;106
6453;124
6454;111
6455;121
6456;34
6457;123
6458;115
6459;118
6460;142
6461;110
6462;120
6463;117
6464;120
6465;120
6466;120
6467;120
6468;34
6469;125
6470;115
6471;121
6472;35
6473;115
6474;133
6475;124
6476;133
6477;122
6478;110
6479;116
6480;132
6481;122
6482;34
6483;133
6484;34
6485;124
6486;133
6487;124
6488;130
6489;109
6490;113
6491;133
6492;120
6493;123
6494;121
6495;126
6496;122
6497;120
6498;117
6499;122
6500;132
6501;125
6502;34
6503;113
6504;123
6505;135
6506;35
6507;128
6508;122
6509;116
6510;109
6511;129
6512;124
6513;122
6514;122
6515;35
6516;127
6517;122
6518;134
6519;119
6520;123
6521;121
6522;132
6523;120
6524;126
6525;133
6526;110
6527;35
6528;122
6529;124
6530;137
6531;118
6532;114
6533;32
6534;120
6535;128
6536;124
6537;134
6538;126
6539;109
6540;33
6541;120
6542;133
6543;123
6544;136
6545;33
6546;117
6547;127
6548;136
6549;116
6550;116
6551;121
6552;130
6553;129
6554;122
6555;135
6556;35
6557;123
6558;127
6559;130
6560;129
6561;120
6562;124
6563;126
6564;131
6565;130
6566;119
6567;110
6568;139
6569;133
6570;132
6571;137
6572;40
6573;136
6574;126
6575;132
6576;128
6577;126
6578;138
6579;127
6580;113
6581;120
6582;130
6583;110
6584;124
6585;124
6586;107
6587;124
6588;113
6589;110
6590;109
6591;117
6592;130
6593;124
6594;121
6595;125
6596;119
6597;136
6598;140
6599;110
6600;134
6601;33
6602;110
6603;124
6604;32
6605;125
6606;106
6607;123
6608;127
6609;115
6610;133
6611;136
6612;126
6613;125
6614;123
6615;119
6616;120
6617;126
6618;33
6619;108
6620;132
6621;119
6622;34
6623;33
6624;121
6625;141
6626;125
6627;130
6628;38
6629;123
6630;117
6631;121
6632;133
6633;112
6634;32
6635;123
6636;123
6637;127
6638;133
6639;116
6640;105
6641;126
6642;128
6643;121
6644;33
6645;127
6646;121
6647;124
6648;112
6649;121
6650;132
6651;130
6652;37
6653;111
6654;126
6655;129
6656;128
6657;124
6658;125
6659;124
6660;125
6661;51
6662;118
6663;113
6664;125
6665;118
6666;103
6667;119
6668;125
6669;121
6670;35
6671;120
6672;112
6673;39
6674;106
6675;119
6676;124
6677;125
6678;36
6679;114
6680;37
6681;129
6682;122
6683;38
6684;113
6685;117
6686;127
6687;127
6688;45
6689;130
6690;121
6691;126
6692;134
6693;119
6694;41
6695;128
6696;124
6697;110
6698;125
6699;131
6700;132
6701;110
6702;33
6703;122
6704;122
6705;126
6706;135
6707;116
6708;113
6709;126
6710;128
6711;108
6712;37
6713;123
6714;122
6715;130
6716;133
6717;116
6718;131
6719;109
6720;36
6721;132
6722;125
6723;133
6724;118
6725;132
6726;35
6727;115
6728;136
6729;34
6730;123
6731;113
6732;121
6733;42
6734;134
6735;124
6736;121
6737;138
6738;130
6739;124
6740;137
6741;124
6742;127
6743;46
6744;133
6745;120
6746;137
6747;132
6748;36
6749;124
6750;110
6751;36
6752;110
6753;110
6754;120
6755;124
6756;124
6757;37
6758;40
6759;136
6760;107
6761;134
6762;125
6763;120
6764;118
6765;139
6766;110
6767;123
6768;126
6769;137
6770;109
6771;120
6772;126
6773;124
6774;117
6775;136
6776;122
6777;121
6778;121
6779;111
6780;134
6781;108
6782;123
6783;52
6784;137
6785;134
6786;110
6787;126
6788;133
6789;34
6790;126
6791;116
6792;116
6793;131
6794;121
6795;110
6796;122
6797;122
6798;111
6799;33
6800;122
6801;119
6802;127
6803;135
6804;116
6805;107
6806;124
6807;122
6808;113
6809;33
6810;122
6811;126
6812;128
6813;135
6814;116
6815;111
6816;126
6817;127
6818;124
6819;35
6820;123
6821;122
6822;123
6823;133
6824;116
6825;108
6826;124
6827;126
6828;122
6829;35
6830;109
6831;123
6832;135
6833;108
6834;125
6835;108
6836;125
6837;106
6838;124
6839;123
6840;120
6841;109
6842;116
6843;118
6844;124
6845;109
6846;115
6847;122
6848;32
6849;123
6850;126
6851;127
6852;108
6853;114
6854;130
6855;116
6856;109
6857;123
6858;108
6859;128
6860;133
6861;124
6862;121
6863;118
6864;122
6865;123
6866;135
6867;129
6868;32
6869;32
6870;125
6871;109
6872;130
6873;121
6874;109
6875;119
6876;122
6877;115
6878;127
6879;134
6880;135
6881;116
6882;121
6883;40
6884;133
6885;131
6886;136
6887;120
6888;123
6889;120
6890;126
6891;31
6892;110
6893;119
6894;132
6895;126
6896;116
6897;121
6898;124
6899;138
6900;116
6901;34
6902;31
6903;120
6904;122
6905;125
6906;133
6907;118
6908;131
6909;138
6910;121
6911;127
6912;132
6913;36
6914;129
6915;124
6916;124
6917;35
6918;122
6919;125
6920;121
6921;109
6922;116
6923;114
6924;124
6925;121
6926;121
6927;112
6928;33
6929;125
6930;121
6931;131
6932;134
6933;115
6934;107
6935;120
6936;122
6937;109
6938;32
6939;125
6940;130
6941;129
6942;134
6943;116
6944;105
6945;128
6946;119
6947;108
6948;32
6949;120
6950;124
6951;129
6952;131
6953;118
6954;118
6955;121
6956;121
6957;124
6958;120
6959;116
6960;106
6961;36
6962;125
6963;110
6964;137
6965;132
6966;115
6967;123
6968;109
6969;33
6970;120
6971;115
6972;122
6973;120
6974;126
6975;125
6976;33
6977;135
6978;115
6979;111
6980;122
6981;139
6982;122
6983;128
6984;122
6985;122
6986;116
6987;116
6988;125
6989;120
6990;129
6991;135
6992;111
6993;124
6994;119
6995;133
6996;123
6997;132
6998;120
6999;129
7000;33
7001;121
7002;125
7003;135
7004;120
7005;32
7006;121
7007;120
7008;124
7009;126
7010;123
7011;120
7012;120
7013;117
7014;32
7015;120
7016;120
7017;116
7018;134
7019;34
7020;117
7021;111
7022;121
7023;33
7024;123
7025;124
7026;121
7027;123
7028;110
7029;139
7030;115
7031;118
7032;108
7033;131
7034;120
7035;125
7036;133
7037;114
7038;117
7039;116
7040;124
7041;111
7042;117
7043;121
7044;123
7045;130
7046;121
7047;135
7048;33
7049;123
7050;119
7051;120
7052;110
7053;36
7054;128
7055;125
7056;127
7057;133
7058;116
7059;112
7060;121
7061;122
7062;115
7063;34
7064;125
7065;122
7066;127
7067;133
7068;117
7069;111
7070;122
7071;124
7072;112
7073;34
7074;123
7075;122
7076;133
7077;136
7078;117
7079;112
7080;123
7081;127
7082;106
7083;126
7084;125
7085;125
7086;111
7087;34
7088;109
7089;121
7090;143
7091;34
7092;126
7093;123
7094;128
7095;123
7096;126
7097;122
7098;111
7099;122
7100;119
7101;130
7102;131
7103;124
7104;122
7105;117
7106;123
7107;120
7108;138
7109;122
7110;116
7111;110
7112;112
7113;117
7114;119
7115;121
7116;117
7117;122
7118;121
7119;122
7120;120
7121;130
7122;116
7123;34
7124;109
7125;129
7126;121
7127;125
7128;124
7129;113
7130;132
7131;128
7132;120
7133;118
7134;136
7135;126
7136;122
7137;131
7138;34
7139;112
7140;125
7141;112
7142;132
7143;119
7144;112
7145;110
7146;121
7147;120
7148;123
7149;110
7150;36
7151;119
7152;118
7153;137
7154;124
7155;134
7156;120
7157;128
7158;116
7159;116
7160;136
7161;117
7162;126
7163;122
7164;124
7165;35
7166;117
7167;34
7168;111
7169;133
7170;134
7171;36
7172;118
7173;35
7174;123
7175;112
7176;33
7177;127
7178;132
7179;118
7180;110
7181;123
7182;127
7183;32
7184;121
7185;120
7186;129
7187;132
7188;116
7189;111
7190;120
7191;37
7192;125
7193;126
7194;131
7195;133
7196;116
7197;106
7198;137
7199;126
7200;127
7201;134
7202;112
7203;111
7204;112
7205;122
7206;132
7207;122
7208;134
7209;117
7210;121
7211;122
7212;123
7213;117
7214;124
7215;120
7216;135
7217;38
7218;125
7219;109
7220;136
7221;113
7222;119
7223;36
7224;127
7225;111
7226;34
7227;121
7228;33
7229;122
7230;110
7231;113
7232;33
7233;129
7234;124
7235;130
7236;126
7237;126
7238;116
7239;116
7240;131
7241;132
7242;124
7243;129
7244;124
7245;123
7246;127
7247;40
7248;125
7249;127
7250;121
7251;129
7252;125
7253;34
7254;128
7255;114
7256;126
7257;122
7258;118
7259;134
7260;115
7261;113
7262;44
7263;118
7264;131
7265;132
7266;124
7267;114
7268;124
7269;116
7270;33
7271;126
7272;125
7273;128
7274;132
7275;117
7276;109
7277;123
7278;123
7279;110
7280;33
7281;120
7282;122
7283;127
7284;135
7285;116
7286;109
7287;120
7288;121
7289;109
7290;33
7291;127
7292;125
7293;129
7294;137
7295;116
7296;106
7297;119
7298;123
7299;32
7300;105
7301;127
7302;120
7303;34
7304;139
7305;117
7306;136
7307;106
7308;117
7309;122
7310;116
7311;123
7312;120
7313;119
7314;115
7315;136
7316;130
7317;111
7318;122
7319;35
7320;108
7321;123
7322;122
7323;33
7324;136
7325;33
7326;121
7327;120
7328;124
7329;124
7330;111
7331;118
7332;132
7333;124
7334;111
7335;116
7336;122
7337;116
7338;136
7339;121
7340;34
7341;127
7342;110
7343;116
7344;35
7345;126
7346;116
7347;125
7348;126
7349;125
7350;124
7351;135
7352;134
7353;32
7354;123
7355;106
7356;113
7357;124
7358;116
7359;121
7360;122
7361;133
7362;112
7363;114
7364;118
7365;124
7366;127
7367;111
7368;111
7369;120
7370;127
7371;122
7372;136
7373;33
7374;121
7375;112
7376;133
7377;123
7378;123
7379;123
7380;124
7381;126
7382;122
7383;122
7384;123
7385;109
7386;124
7387;117
7388;134
7389;116
7390;114
7391;132
7392;112
7393;134
7394;138
7395;36
7396;125
7397;135
7398;126
7399;34
7400;122
7401;121
7402;132
7403;136
7404;117
7405;38
7406;122
7407;120
7408;131
7409;117
7410;119
7411;36
7412;126
7413;135
7414;136
7415;116
7416;113
7417;122
7418;33
7419;114
7420;126
7421;132
7422;38
7423;130
7424;35
7425;128
7426;133
7427;117
7428;120
7429;127
7430;136
7431;122
7432;129
7433;136
7434;132
7435;119
7436;129
7437;136
7438;116
7439;111
7440;116
7441;118
7442;33
7443;116
7444;128
7445;120
7446;114
7447;35
7448;135
7449;110
7450;121
7451;138
7452;112
7453;34
7454;132
7455;121
7456;131
7457;128
7458;119
7459;129
7460;114
7461;116
7462;129
7463;35
7464;125
7465;112
7466;119
7467;110
7468;38
7469;122
7470;120
7471;131
7472;124
7473;140
7474;133
7475;133
7476;122
7477;112
7478;135
7479;123
7480;34
7481;122
7482;121
7483;119
7484;122
7485;111
7486;124
7487;132
7488;126
7489;126
7490;120
7491;117
7492;132
7493;113
7494;132
7495;124
7496;121
7497;120
7498;142
7499;124
7500;125
7501;123
7502;123
7503;116
7504;118
7505;114
7506;111
7507;35
7508;119
7509;123
7510;129
7511;138
7512;116
7513;107
7514;135
7515;123
7516;111
7517;34
7518;121
7519;122
7520;127
7521;132
7522;120
7523;116
7524;133
7525;124
7526;111
7527;34
7528;127
7529;126
7530;132
7531;133
7532;117
7533;111
7534;129
7535;126
7536;112
7537;109
7538;118
7539;121
7540;118
7541;133
7542;134
7543;125
7544;113
7545;132
7546;116
7547;117
7548;117
7549;118
7550;129
7551;126
7552;124
7553;126
7554;119
7555;112
7556;34
7557;124
7558;122
7559;133
7560;128
7561;36
7562;123
7563;40
7564;120
7565;118
7566;111
7567;38
7568;128
7569;129
7570;125
7571;124
7572;122
7573;111
7574;135
7575;120
7576;116
7577;132
7578;134
7579;133
7580;128
7581;38
7582;39
7583;134
7584;110
7585;116
7586;132
7587;123
7588;122
7589;123
7590;118
7591;33
7592;124
7593;110
7594;120
7595;126
7596;117
7597;133
7598;110
7599;113
7600;34
7601;110
7602;134
7603;135
7604;123
7605;109
7606;112
7607;108
7608;37
7609;124
7610;120
7611;122
7612;133
7613;117
7614;108
7615;122
7616;124
7617;109
7618;33
7619;135
7620;128
7621;124
7622;135
7623;125
7624;126
7625;109
7626;33
7627;124
7628;123
7629;120
7630;134
7631;115
7632;106
7633;124
7634;126
7635;122
7636;33
7637;134
7638;34
7639;115
7640;123
7641;127
7642;121
7643;134
7644;119
7645;108
7646;109
7647;109
7648;113
7649;133
7650;107
7651;128
7652;122
7653;120
7654;107
7655;110
7656;125
7657;122
7658;32
7659;136
7660;122
7661;33
7662;123
7663;120
7664;122
7665;34
7666;122
7667;117
7668;115
7669;123
7670;116
7671;122
7672;137
7673;135
7674;118
7675;126
7676;133
7677;111
7678;120
7679;137
7680;125
7681;116
7682;123
7683;126
7684;115
7685;125
7686;36
7687;125
7688;109
7689;124
7690;123
7691;136
7692;130
7693;110
7694;125
7695;112
7696;123
7697;125
7698;135
7699;109
7700;125
7701;108
7702;110
7703;110
7704;124
7705;117
7706;113
7707;122
7708;35
7709;118
7710;128
7711;122
7712;115
7713;125
7714;119
7715;134
7716;121
7717;32
7718;124
7719;117
7720;129
7721;117
7722;32
7723;109
7724;124
7725;33
7726;123
7727;111
7728;43
7729;125
7730;121
7731;130
7732;141
7733;117
7734;111
7735;124
7736;132
7737;108
7738;43
7739;125
7740;119
7741;132
7742;136
7743;117
7744;110
7745;126
7746;122
7747;110
7748;44
7749;124
7750;120
7751;133
7752;134
7753;117
7754;111
7755;125
7756;127
7757;112
7758;116
7759;130
7760;112
7761;116
7762;122
7763;120
7764;136
7765;120
7766;107
7767;123
7768;117
7769;122
7770;123
7771;120
7772;122
7773;123
7774;126
7775;133
7776;125
7777;137
7778;117
7779;137
7780;109
7781;123
7782;110
7783;47
7784;43
7785;125
7786;125
7787;116
7788;129
7789;129
7790;44
7791;110
7792;117
7793;134
7794;120
7795;122
7796;112
7797;138
7798;124
7799;121
7800;130
7801;106
7802;39
7803;128
7804;121
7805;127
7806;44
7807;124
7808;133
7809;133
7810;109
7811;45
7812;59
7813;122
7814;129
7815;125
7816;116
7817;109
7818;130
7819;135
7820;113
7821;129
7822;46
7823;126
7824;119
7825;113
7826;133
7827;123
7828;122
7829;121
7830;110
7831;121
7832;35
7833;127
7834;128
7835;110
7836;126
7837;122
7838;109
7839;53
7840;122
7841;128
7842;136
7843;117
7844;111
7845;124
7846;112
7847;60
7848;123
7849;128
7850;138
7851;127
7852;110
7853;124
7854;127
7855;111
7856;64
7857;123
7858;128
7859;134
7860;126
7861;119
7862;128
7863;124
7864;123
7865;112
7866;110
7867;121
7868;112
7869;46
7870;132
7871;128
7872;125
7873;110
7874;129
7875;129
7876;125
7877;115
7878;122
7879;130
7880;116
7881;37
7882;111
7883;131
7884;124
7885;132
7886;124
7887;110
7888;133
7889;111
7890;41
7891;122
7892;121
7893;127
7894;122
7895;127
7896;43
7897;117
7898;114
7899;60
7900;57
7901;122
7902;129
7903;119
7904;125
7905;129
7906;117
7907;112
7908;113
7909;126
7910;134
7911;55
7912;121
7913;111
7914;123
7915;130
7916;56
7917;126
7918;134
7919;126
7920;55
7921;133
7922;125
7923;126
7924;124
7925;120
7926;125
7927;120
7928;64
7929;122
7930;128
7931;122
7932;122
7933;110
7934;38
7935;121
7936;121
7937;129
7938;135
7939;116
7940;111
7941;118
7942;121
7943;110
7944;36
7945;123
7946;128
7947;128
7948;139
7949;116
7950;111
7951;125
7952;122
7953;108
7954;40
7955;119
7956;121
7957;131
7958;134
7959;116
7960;108
7961;120
7962;122
7963;119
7964;126
7965;133
7966;110
7967;107
7968;120
7969;34
7970;117
7971;123
7972;125
7973;34
7974;131
7975;117
7976;129
7977;119
7978;123
7979;119
7980;33
7981;119
7982;132
7983;119
7984;135
7985;114
7986;130
7987;111
7988;132
7989;110
7990;51
7991;123
7992;118
7993;119
7994;122
7995;119
7996;134
7997;132
7998;116
7999;126
8000;137
8001;124
8002;121
8003;113
8004;36
8005;32
8006;123
8007;109
8008;117
8009;119
8010;131
8011;131
8012;126
8013;116
8014;123
8015;127
8016;114
8017;125
8018;117
8019;125
8020;37
8021;110
8022;38
8023;113
8024;116
8025;120
8026;120
8027;121
8028;122
8029;110
8030;126
8031;119
8032;117
8033;127
8034;133
8035;133
8036;121
8037;119
8038;138
8039;130
8040;116
8041;116
8042;116
8043;114
8044;126
8045;37
8046;124
8047;126
8048;34
8049;138
8050;129
8051;127
8052;110
8053;125
8054;127
8055;111
8056;108
8057;108
8058;37
8059;127
8060;123
8061;136
8062;139
8063;119
8064;114
8065;119
8066;124
8067;109
8068;37
8069;122
8070;119
8071;131
8072;137
8073;116
8074;112
8075;118
8076;121
8077;112
8078;37
8079;123
8080;124
8081;134
8082;136
8083;116
8084;120
8085;109
8086;36
8087;122
8088;37
8089;133
8090;34
8091;134
8092;131
8093;126
8094;134
8095;137
8096;117
8097;129
8098;108
8099;34
8100;34
8101;122
8102;124
8103;117
8104;117
8105;121
8106;115
8107;129
8108;122
8109;119
8110;108
8111;109
8112;124
8113;34
8114;111
8115;127
8116;119
8117;109
8118;37
8119;121
8120;121
8121;129
8122;132
8123;116
8124;109
8125;127
8126;124
8127;108
8128;38
8129;120
8130;118
8131;131
8132;133
8133;118
8134;107
8135;127
8136;121
8137;111
8138;35
8139;119
8140;120
8141;134
8142;133
8143;119
8144;115
8145;125
8146;124
8147;122
8148;118
8149;133
8150;124
8151;113
8152;109
8153;119
8154;117
8155;131
8156;124
8157;123
8158;133
8159;38
8160;134
8161;120
8162;121
8163;113
8164;43
8165;127
8166;34
8167;119
8168;125
8169;117
8170;133
8171;119
8172;110
8173;111
8174;118
8175;111
8176;126
8177;117
8178;135
8179;109
8180;133
8181;131
8182;135
8183;132
8184;130
8185;135
8186;122
8187;38
8188;110
8189;127
8190;112
8191;117
8192;133
8193;124
8194;113
8195;110
8196;127
8197;125
8198;126
8199;111
8200;117
8201;121
8202;109
8203;109
8204;128
8205;122
8206;121
8207;123
8208;119
8209;122
8210;127
8211;118
8212;111
8213;127
8214;133
8215;124
8216;124
8217;124
8218;112
8219;35
8220;129
8221;110
8222;127
8223;129
8224;133
8225;122
8226;124
8227;126
8228;113
8229;43
8230;126
8231;39
8232;132
8233;45
8234;112
8235;129
8236;125
8237;117
8238;120
8239;35
8240;117
8241;118
8242;126
8243;115
8244;54
8245;120
8246;126
8247;126
8248;109
8249;123
8250;122
8251;110
8252;39
8253;121
8254;126
8255;138
8256;120
8257;113
8258;127
8259;130
8260;114
8261;35
8262;121
8263;123
8264;127
8265;117
8266;118
8267;127
8268;41
8269;127
8270;135
8271;121
8272;126
8273;114
8274;128
8275;133
8276;137
8277;127
8278;119
8279;136
8280;132
8281;120
8282;113
8283;113
8284;111
8285;114
8286;42
8287;119
8288;125
8289;40
8290;128
8291;116
8292;122
8293;120
8294;122
8295;120
8296;122
8297;122
8298;129
8299;133
8300;124
8301;122
8302;114
8303;42
8304;114
8305;41
8306;34
8307;110
8308;123
8309;133
8310;124
8311;119
8312;127
8313;111
8314;136
8315;120
8316;128
8317;130
8318;124
8319;124
8320;121
8321;109
8322;126
8323;125
8324;41
8325;125
8326;120
8327;138
8328;118
8329;133
8330;125
8331;134
8332;130
8333;117
8334;121
8335;111
8336;119
8337;119
8338;110
8339;137
8340;34
8341;116
8342;112
8343;111
8344;35
8345;120
8346;121
8347;125
8348;134
8349;116
8350;107
8351;115
8352;40
8353;127
8354;115
8355;124
8356;107
8357;124
8358;126
8359;111
8360;36
8361;121
8362;122
8363;123
8364;112
8365;120
8366;134
8367;34
8368;116
8369;127
8370;120
8371;127
8372;125
8373;113
8374;128
8375;110
8376;33
8377;118
8378;130
8379;121
8380;117
8381;122
8382;117
8383;124
8384;119
8385;117
8386;131
8387;119
8388;112
8389;113
8390;36
8391;120
8392;132
8393;122
8394;121
8395;125
8396;32
8397;120
8398;110
8399;116
8400;124
8401;106
8402;110
8403;109
8404;124
8405;123
8406;134
8407;118
8408;141
8409;119
8410;138
8411;121
8412;132
8413;124
8414;109
8415;132
8416;130
8417;110
8418;33
8419;120
8420;32
8421;105
8422;128
8423;117
8424;120
8425;110
8426;128
8427;32
8428;107
8429;121
8430;122
8431;127
8432;34
8433;118
8434;121
8435;127
8436;126
8437;119
8438;120
8439;33
8440;123
8441;117
8442;130
8443;33
8444;136
8445;133
8446;117
8447;135
8448;109
8449;32
8450;123
8451;118
8452;124
8453;138
8454;116
8455;111
8456;140
8457;132
8458;110
8459;43
8460;122
8461;123
8462;128
8463;134
8464;116
8465;118
8466;131
8467;119
8468;112
8469;44
8470;118
8471;120
8472;130
8473;133
8474;116
8475;107
8476;133
8477;125
8478;116
8479;119
8480;109
8481;107
8482;121
8483;121
8484;126
8485;125
8486;130
8487;134
8488;34
8489;130
8490;110
8491;36
8492;124
8493;43
8494;122
8495;124
8496;109
8497;113
8498;123
8499;117
8500;123
8501;109
8502;136
8503;123
8504;128
8505;117
8506;117
8507;133
8508;125
8509;50
8510;114
8511;132
8512;111
8513;113
8514;108
8515;118
8516;117
8517;117
8518;120
8519;122
8520;140
8521;130
8522;132
8523;123
8524;124
8525;113
8526;35
8527;134
8528;109
8529;123
8530;132
8531;135
8532;123
8533;121
8534;120
8535;110
8536;35
8537;122
8538;36
8539;139
8540;35
8541;115
8542;117
8543;35
8544;125
8545;38
8546;117
8547;123
8548;109
8549;34
8550;121
8551;120
8552;126
8553;138
8554;118
8555;111
8556;121
8557;122
8558;113
8559;33
8560;123
8561;122
8562;121
8563;134
8564;117
8565;112
8566;123
8567;110
8568;34
8569;123
8570;119
8571;135
8572;118
8573;111
8574;122
8575;33
8576;107
8577;127
8578;133
8579;121
8580;115
8581;120
8582;125
8583;122
8584;129
8585;121
8586;34
8587;108
8588;119
8589;127
8590;122
8591;107
8592;124
8593;124
8594;124
8595;108
8596;121
8597;120
8598;121
8599;123
8600;32
8601;135
8602;128
8603;124
8604;35
8605;116
8606;116
8607;123
8608;109
8609;121
8610;129
8611;110
8612;119
8613;129
8614;109
8615;125
8616;125
8617;107
8618;121
8619;108
8620;106
8621;111
8622;115
8623;125
8624;120
8625;123
8626;125
8627;122
8628;116
8629;111
8630;134
8631;107
8632;135
8633;35
8634;110
8635;123
8636;34
8637;128
8638;107
8639;128
8640;127
8641;107
8642;125
8643;134
8644;115
8645;133
8646;124
8647;116
8648;122
8649;122
8650;33
8651;108
8652;134
8653;136
8654;107
8655;117
8656;135
8657;109
8658;32
8659;33
8660;116
8661;122
8662;122
8663;125
8664;126
8665;134
8666;34
8667;122
8668;116
8669;123
8670;125
8671;109
8672;34
8673;121
8674;122
8675;123
8676;134
8677;117
8678;111
8679;122
8680;121
8681;111
8682;32
8683;122
8684;127
8685;126
8686;132
8687;116
8688;108
8689;121
8690;124
8691;112
8692;33
8693;124
8694;119
8695;127
8696;135
8697;117
8698;110
8699;121
8700;122
8701;121
8702;136
8703;122
8704;123
8705;124
8706;124
8707;119
8708;33
8709;125
8710;134
8711;133
8712;123
8713;120
8714;120
8715;34
8716;121
8717;121
8718;112
8719;118
8720;32
8721;118
8722;122
8723;122
8724;32
8725;121
8726;121
8727;105
8728;124
8729;36
8730;108
8731;110
8732;116
8733;113
8734;107
8735;121
8736;110
8737;134
8738;112
8739;118
8740;32
8741;132
8742;108
8743;127
8744;116
8745;34
8746;120
8747;134
8748;110
8749;104
8750;123
8751;123
8752;115
8753;122
8754;123
8755;129
8756;130
8757;129
8758;35
8759;120
8760;116
8761;136
8762;121
8763;110
8764;110
8765;111
8766;121
8767;109
8768;34
8769;116
8770;122
8771;118
8772;110
8773;127
8774;132
8775;127
8776;33
8777;119
8778;122
8779;116
8780;116
8781;126
8782;124
8783;133
8784;121
8785;124
8786;107
8787;122
8788;135
8789;117
8790;125
8791;111
8792;117
8793;121
8794;119
8795;110
8796;122
8797;124
8798;109
8799;33
8800;119
8801;119
8802;125
8803;136
8804;116
8805;110
8806;125
8807;123
8808;112
8809;36
8810;121
8811;120
8812;124
8813;132
8814;116
8815;109
8816;135
8817;125
8818;111
8819;39
8820;121
8821;119
8822;128
8823;134
8824;117
8825;110
8826;119
8827;123
8828;116
8829;127
8830;121
8831;116
8832;121
8833;111
8834;132
8835;132
8836;125
8837;104
8838;122
8839;125
8840;124
8841;127
8842;116
8843;125
8844;121
8845;111
8846;123
8847;134
8848;115
8849;113
8850;33
8851;112
8852;117
8853;137
8854;120
8855;133
8856;120
8857;120
8858;110
8859;111
8860;119
8861;123
8862;33
8863;139
8864;120
8865;111
8866;122
8867;123
8868;110
8869;118
8870;121
8871;108
8872;123
8873;34
8874;109
8875;34
8876;120
8877;121
8878;132
8879;125
8880;122
8881;111
8882;130
8883;111
8884;117
8885;113
8886;130
8887;38
8888;117
8889;125
8890;116
8891;110
8892;34
8893;124
8894;118
8895;113
8896;116
8897;122
8898;125
8899;125
8900;121
8901;122
8902;121
8903;118
8904;110
8905;35
8906;125
8907;123
8908;121
8909;131
8910;119
8911;110
8912;130
8913;110
8914;34
8915;121
8916;118
8917;132
8918;109
8919;119
8920;126
8921;111
8922;36
8923;124
8924;121
8925;128
8926;110
8927;119
8928;132
8929;110
8930;34
8931;114
8932;121
8933;127
8934;121
8935;118
8936;121
8937;116
8938;36
8939;117
8940;132
8941;133
8942;120
8943;119
8944;116
8945;128
8946;119
8947;127
8948;135
8949;128
8950;117
8951;109
8952;123
8953;123
8954;134
8955;123
8956;117
8957;121
8958;122
8959;112
8960;127
8961;126
8962;126
8963;121
8964;132
8965;123
8966;123
8967;117
8968;117
8969;119
8970;119
8971;35
8972;122
8973;119
8974;113
8975;122
8976;33
8977;126
8978;110
8979;38
8980;41
8981;124
8982;134
8983;111
8984;122
8985;123
8986;36
8987;132
8988;34
8989;126
8990;116
8991;110
8992;110
8993;127
8994;125
8995;35
8996;117
8997;117
8998;125
8999;110
9000;112
9001;117
9002;36
9003;39
9004;113
9005;47
9006;126
9007;126
9008;135
9009;139
9010;126
9011;123
9012;133
9013;134
9014;124
9015;137
9016;122
9017;44
9018;120
9019;139
9020;118
9021;117
9022;128
9023;128
9024;137
9025;40
9026;123
9027;124
9028;131
9029;120
9030;37
9031;124
9032;123
9033;126
9034;127
9035;137
9036;125
9037;112
9038;111
9039;43
9040;117
9041;119
9042;120
9043;124
9044;120
9045;123
9046;127
9047;127
9048;118
9049;40
9050;118
9051;40
9052;107
9053;116
9054;131
9055;123
9056;122
9057;127
9058;117
9059;121
9060;107
9061;34
9062;126
9063;121
9064;125
9065;133
9066;115
9067;117
9068;127
9069;119
9070;108
9071;62
9072;122
9073;128
9074;125
9075;135
9076;116
9077;113
9078;125
9079;132
9080;110
9081;41
9082;123
9083;119
9084;129
9085;137
9086;116
9087;111
9088;125
9089;122
9090;39
9091;117
9092;128
9093;120
9094;120
9095;111
9096;33
9097;122
9098;124
9099;125
9100;120
9101;105
9102;127
9103;131
9104;130
9105;108
9106;119
9107;124
9108;118
9109;133
9110;132
9111;120
9112;47
9113;113
9114;135
9115;120
9116;128
9117;132
9118;120
9119;136
9120;32
9121;32
9122;116
9123;119
9124;32
9125;123
9126;127
9127;117
9128;132
9129;122
9130;118
9131;124
9132;134
9133;134
9134;110
9135;117
9136;131
9137;110
9138;116
9139;128
9140;33
9141;114
9142;120
9143;35
9144;123
9145;118
9146;117
9147;108
9148;116
9149;116
9150;126
9151;110
9152;126
9153;121
9154;122
9155;33
9156;122
9157;120
9158;113
9159;134
9160;134
9161;129
9162;111
9163;125
9164;114
9165;121
9166;119
9167;110
9168;129
9169;114
9170;122
9171;34
9172;120
9173;121
9174;109
9175;122
9176;134
9177;123
9178;117
9179;112
9180;38
9181;121
9182;126
9183;134
9184;133
9185;116
9186;117
9187;123
9188;125
9189;109
9190;36
9191;123
9192;123
9193;135
9194;133
9195;117
9196;116
9197;125
9198;130
9199;109
9200;41
9201;120
9202;125
9203;132
9204;115
9205;130
9206;131
9207;117
9208;136
9209;127
9210;124
9211;138
9212;118
9213;119
9214;126
9215;123
9216;129
9217;125
9218;125
9219;121
9220;109
9221;112
9222;38
9223;109
9224;136
9225;124
9226;117
9227;126
9228;134
9229;122
9230;109
9231;121
9232;131
9233;42
9234;132
9235;123
9236;110
9237;127
9238;123
9239;107
9240;120
9241;39
9242;111
9243;127
9244;109
9245;128
9246;120
9247;118
9248;119
9249;42
9250;124
9251;120
9252;132
9253;138
9254;127
9255;129
9256;119
9257;120
9258;40
9259;121
9260;131
9261;119
9262;112
9263;124
9264;110
9265;31
9266;122
9267;123
9268;138
9269;116
9270;107
9271;123
9272;123
9273;110
9274;33
9275;126
9276;121
9277;134
9278;115
9279;110
9280;128
9281;115
9282;34
9283;128
9284;121
9285;108
9286;124
9287;123
9288;104
9289;135
9290;139
9291;34
9292;120
9293;121
9294;108
9295;33
9296;110
9297;109
9298;132
9299;123
9300;112
9301;33
9302;114
9303;128
9304;128
9305;124
9306;116
9307;123
9308;127
9309;124
9310;111
9311;112
9312;116
9313;34
9314;110
9315;136
9316;132
9317;116
9318;126
9319;122
9320;123
9321;126
9322;123
9323;113
9324;33
9325;108
9326;122
9327;111
9328;109
9329;136
9330;122
9331;134
9332;125
9333;124
9334;116
9335;33
9336;32
9337;135
9338;136
9339;110
9340;108
9341;127
9342;124
9343;116
9344;122
9345;35
9346;130
9347;124
9348;33
9349;136
9350;125
9351;128
9352;107
9353;125
9354;124
9355;116
9356;32
9357;118
9358;108
9359;121
9360;133
9361;117
9362;122
9363;124
9364;118
9365;120
9366;117
9367;109
9368;38
9369;119
9370;118
9371;127
9372;134
9373;117
9374;106
9375;126
9376;123
9377;111
9378;35
9379;130
9380;122
9381;125
9382;139
9383;115
9384;107
9385;124
9386;122
9387;109
9388;38
9389;122
9390;121
9391;134
9392;116
9393;111
9394;128
9395;33
9396;111
9397;125
9398;135
9399;116
9400;135
9401;33
9402;120
9403;115
9404;124
9405;109
9406;127
9407;34
9408;122
9409;122
9410;123
9411;123
9412;124
9413;108
9414;109
9415;33
9416;127
9417;124
9418;123
9419;110
9420;123
9421;125
9422;134
9423;123
9424;115
9425;116
9426;118
9427;135
9428;133
9429;122
9430;121
9431;123
9432;121
9433;127
9434;35
9435;36
9436;115
9437;117
9438;33
9439;109
9440;109
9441;116
9442;122
9443;32
9444;32
9445;117
9446;132
9447;112
9448;110
9449;121
9450;128
9451;113
9452;125
9453;123
9454;119
9455;108
9456;125
9457;111
9458;109
9459;107
9460;119
9461;118
9462;121
9463;111
9464;35
9465;138
9466;120
9467;123
9468;125
9469;108
9470;126
9471;122
9472;123
9473;125
9474;125
9475;117
9476;121
9477;120
9478;136
9479;128
9480;116
9481;135
9482;136
9483;120
9484;126
9485;35
9486;104
9487;123
9488;111
9489;33
9490;126
9491;130
9492;131
9493;133
9494;121
9495;114
9496;122
9497;126
9498;107
9499;35
9500;124
9501;132
9502;129
9503;137
9504;117
9505;116
9506;125
9507;125
9508;115
9509;36
9510;119
9511;119
9512;130
9513;139
9514;117
9515;111
9516;119
9517;123
9518;32
9519;109
9520;35
9521;122
9522;109
9523;135
9524;124
9525;128
9526;123
9527;111
9528;108
9529;115
9530;129
9531;116
9532;119
9533;139
9534;115
9535;123
9536;130
9537;134
9538;135
9539;121
9540;43
9541;130
9542;115
9543;110
9544;122
9545;133
9546;111
9547;121
9548;122
9549;35
9550;125
9551;123
9552;123
9553;124
9554;128
9555;115
9556;37
9557;123
9558;123
9559;122
9560;120
9561;125
9562;124
9563;124
9564;131
9565;123
9566;112
9567;110
9568;115
9569;123
9570;32
9571;128
9572;123
9573;107
9574;121
9575;121
9576;109
9577;120
9578;121
9579;120
9580;127
9581;120
9582;118
9583;136
9584;139
9585;111
9586;110
9587;133
9588;136
9589;115
9590;133
9591;36
9592;129
9593;36
9594;42
9595;127
9596;134
9597;122
9598;116
9599;35
9600;131
9601;110
9602;34
9603;118
9604;122
9605;123
9606;135
9607;118
9608;109
9609;122
9610;132
9611;113
9612;44
9613;127
9614;121
9615;124
9616;132
9617;118
9618;114
9619;126
9620;131
9621;112
9622;39
9623;120
9624;125
9625;125
9626;133
9627;120
9628;116
9629;137
9630;119
9631;118
9632;121
9633;114
9634;126
9635;118
9636;128
9637;111
9638;131
9639;127
9640;119
9641;37
9642;137
9643;35
9644;115
9645;37
9646;128
9647;110
9648;112
9649;43
9650;116
9651;135
9652;125
9653;42
9654;126
9655;130
9656;127
9657;36
9658;118
9659;127
9660;111
9661;39
9662;126
9663;111
9664;127
9665;118
9666;119
9667;122
9668;126
9669;135
9670;123
9671;135
9672;131
9673;124
9674;33
9675;133
9676;130
9677;122
9678;118
9679;128
9680;125
9681;122
9682;37
9683;125
9684;113
9685;133
9686;122
9687;116
9688;112
9689;37
9690;113
9691;127
9692;132
9693;125
9694;126
9695;123
9696;121
9697;126
9698;124
9699;40
9700;137
9701;130
9702;133
9703;123
9704;112
9705;34
9706;119
9707;120
9708;133
9709;136
9710;122
9711;122
9712;124
9713;125
9714;112
9715;33
9716;125
9717;117
9718;134
9719;140
9720;124
9721;113
9722;125
9723;129
9724;113
9725;34
9726;124
9727;121
9728;137
9729;143
9730;118
9731;122
9732;124
9733;130
9734;121
9735;138
9736;121
9737;35
9738;136
9739;112
9740;130
9741;128
9742;127
9743;121
9744;141
9745;138
9746;128
9747;135
9748;126
9749;142
9750;121
9751;129
9752;132
9753;111
9754;139
9755;130
9756;117
9757;113
9758;123
9759;123
9760;35
9761;115
9762;129
9763;117
9764;138
9765;111
9766;133
9767;125
9768;139
9769;129
9770;144
9771;114
9772;38
9773;116
9774;36
9775;121
9776;118
9777;137
9778;126
9779;139
9780;127
9781;119
9782;118
9783;132
9784;123
9785;122
9786;134
9787;119
9788;119
9789;132
9790;119
9791;114
9792;138
9793;116
9794;121
9795;36
9796;36
9797;122
9798;123
9799;38
9800;115
9801;107
9802;36
9803;124
9804;122
9805;125
9806;108
9807;120
9808;122
9809;114
9810;37
9811;136
9812;122
9813;126
9814;141
9815;116
9816;110
9817;130
9818;112
9819;41
9820;124
9821;121
9822;126
9823;109
9824;120
9825;122
9826;123
9827;120
9828;127
9829;129
9830;139
9831;140
9832;133
9833;117
9834;129
9835;127
9836;36
9837;111
9838;38
9839;137
9840;126
9841;140
9842;117
9843;128
9844;35
9845;35
9846;37
9847;134
9848;39
9849;128
9850;115
9851;109
9852;112
9853;139
9854;130
9855;126
9856;128
9857;131
9858;125
9859;107
9860;118
9861;126
9862;118
9863;133
9864;110
9865;112
9866;128
9867;133
9868;111
9869;105
9870;139
9871;124
9872;122
9873;137
9874;132
9875;125
9876;35
9877;139
9878;35
9879;134
9880;124
9881;124
9882;121
9883;143
9884;110
9885;114
9886;119
9887;128
9888;132
9889;130
9890;128
9891;124
9892;137
9893;131
9894;111
9895;110
9896;36
9897;115
9898;33
9899;111
9900;123
9901;126
9902;117
9903;39
9904;134
9905;137
9906;133
9907;136
9908;118
9909;110
9910;125
9911;112
9912;38
9913;125
9914;122
9915;135
9916;110
9917;122
9918;127
9919;109
9920;121
9921;120
9922;135
9923;34
9924;132
9925;125
9926;129
9927;128
9928;126
9929;108
9930;114
9931;35
9932;124
9933;124
9934;121
9935;110
9936;122
9937;126
9938;116
9939;110
9940;120
9941;136
9942;117
9943;124
9944;132
9945;125
9946;36
9947;135
9948;114
9949;118
9950;35
9951;114
9952;111
9953;122
9954;134
9955;42
9956;37
9957;112
9958;115
9959;130
9960;129
9961;116
9962;115
9963;110
9964;113
9965;122
9966;116
9967;122
9968;109
9969;35
9970;142
9971;120
9972;124
9973;126
9974;123
9975;129
9976;127
9977;135
9978;38
9979;111
9980;130
9981;120
9982;143
9983;109
9984;35
9985;125
9986;126
9987;125
9988;131
9989;116
9990;110
9991;122
9992;124
9993;113
9994;33
9995;123
9996;117
9997;134
9998;136
9999;118
